Workbook

Sheet Dashboard
A1: FIFA World Cup 2026 — Tournament Dashboard
A3: All figures update automatically from the raw data sheets and PivotTables sheet.
A5: =COUNT(Teams!$A$2:$A$49) -> 48 | C5: =COUNT(Matches!$A$2:$A$105) -> 104 | E5: =SUM(Matches!$P$2:$P$105) -> 308 | G5: =SUM(Matches!$P$2:$P$105)/COUNT(Matches!$A$2:$A$105) -> 2.9615385 | I5: =PivotTables!$Q$16&" ("&PivotTables!$T$16&")" -> Kylian Mbappe (10) | K5: =PivotTables!$B$4&" ("&PivotTables!$L$4&" pts)" -> Spain (22 pts)
A8: Total Teams | C8: Total Matches | E8: Total Goals | G8: Avg Goals / Match | I8: Top Scorer | K8: Points Leader

Sheet PivotTables
A1: Team Performance Summary | O1: Goals by Tournament Stage | V1: Stadium Utilization
A2: Every team ranked by tournament points, then goal difference. Source: MatchTeamStats. | O2: Source: Matches. | V2: Source: Matches, Stadiums.
A3: TeamID | B3: Team | C3: Confederation | D3: Group | E3: MP | F3: W | G3: D | H3: L | I3: GF | J3: GA | K3: GD | L3: Pts | M3: Win % | O3: Stage | P3: Matches | Q3: Total Goals | R3: Avg Goals/Match | V3: StadiumID | W3: Stadium | X3: City | Y3: Matches Hosted | Z3: Total Goals | AA3: Avg Goals/Match
A4: 10 | B4: =IFERROR(INDEX(Teams!$B$2:$B$49,MATCH($A4,Teams!$A$2:$A$49,0)),"") -> Spain | C4: =IFERROR(INDEX(Teams!$D$2:$D$49,MATCH($A4,Teams!$A$2:$A$49,0)),"") -> UEFA | D4: =IFERROR(INDEX(Teams!$E$2:$E$49,MATCH($A4,Teams!$A$2:$A$49,0)),"") -> Group H | E4: =COUNTIF(MatchTeamStats!$F$2:$F$209,$A4) -> 8 | F4: =COUNTIFS(MatchTeamStats!$F$2:$F$209,$A4,MatchTeamStats!$L$2:$L$209,"Win") -> 7 | G4: =COUNTIFS(MatchTeamStats!$F$2:$F$209,$A4,MatchTeamStats!$L$2:$L$209,"Draw") -> 1 | H4: =COUNTIFS(MatchTeamStats!$F$2:$F$209,$A4,MatchTeamStats!$L$2:$L$209,"Loss") -> 0 | I4: =SUMIFS(MatchTeamStats!$J$2:$J$209,MatchTeamStats!$F$2:$F$209,$A4) -> 14 | J4: =SUMIFS(MatchTeamStats!$K$2:$K$209,MatchTeamStats!$F$2:$F$209,$A4) -> 1 | K4: =I4-J4 -> 13 | L4: =SUMIFS(MatchTeamStats!$V$2:$V$209,MatchTeamStats!$F$2:$F$209,$A4) -> 22 | M4: =IFERROR(F4/E4,0) -> 0.875 | O4: First Stage | P4: =COUNTIF(Matches!$C$2:$C$105,$O4) -> 72 | Q4: =SUMIFS(Matches!$P$2:$P$105,Matches!$C$2:$C$105,$O4) -> 215 | R4: =IFERROR(Q4/P4,0) -> 2.9861111 | V4: 6 | W4: =IFERROR(INDEX(Stadiums!$B$2:$B$17,MATCH($V4,Stadiums!$A$2:$A$17,0)),"") -> Atlanta Stadium | X4: =IFERROR(INDEX(Stadiums!$C$2:$C$17,MATCH($V4,Stadiums!$A$2:$A$17,0)),"") -> Atlanta, Georgia | Y4: =COUNTIF(Matches!$E$2:$E$105,$V4) -> 8 | Z4: =SUMIFS(Matches!$P$2:$P$105,Matches!$E$2:$E$105,$V4) -> 27 | AA4: =IFERROR(Z4/Y4,0) -> 3.375
A5: 1 | B5: =IFERROR(INDEX(Teams!$B$2:$B$49,MATCH($A5,Teams!$A$2:$A$49,0)),"") -> Argentina | C5: =IFERROR(INDEX(Teams!$D$2:$D$49,MATCH($A5,Teams!$A$2:$A$49,0)),"") -> CONMEBOL | D5: =IFERROR(INDEX(Teams!$E$2:$E$49,MATCH($A5,Teams!$A$2:$A$49,0)),"") -> Group J | E5: =COUNTIF(MatchTeamStats!$F$2:$F$209,$A5) -> 8 | F5: =COUNTIFS(MatchTeamStats!$F$2:$F$209,$A5,MatchTeamStats!$L$2:$L$209,"Win") -> 7 | G5: =COUNTIFS(MatchTeamStats!$F$2:$F$209,$A5,MatchTeamStats!$L$2:$L$209,"Draw") -> 0 | H5: =COUNTIFS(MatchTeamStats!$F$2:$F$209,$A5,MatchTeamStats!$L$2:$L$209,"Loss") -> 1 | I5: =SUMIFS(MatchTeamStats!$J$2:$J$209,MatchTeamStats!$F$2:$F$209,$A5) -> 19 | J5: =SUMIFS(MatchTeamStats!$K$2:$K$209,MatchTeamStats!$F$2:$F$209,$A5) -> 8 | K5: =I5-J5 -> 11 | L5: =SUMIFS(MatchTeamStats!$V$2:$V$209,MatchTeamStats!$F$2:$F$209,$A5) -> 21 | M5: =IFERROR(F5/E5,0) -> 0.875 | O5: Round of 32 | P5: =COUNTIF(Matches!$C$2:$C$105,$O5) -> 16 | Q5: =SUMIFS(Matches!$P$2:$P$105,Matches!$C$2:$C$105,$O5) -> 42 | R5: =IFERROR(Q5/P5,0) -> 2.625 | V5: 9 | W5: =IFERROR(INDEX(Stadiums!$B$2:$B$17,MATCH($V5,Stadiums!$A$2:$A$17,0)),"") -> Houston Stadium | X5: =IFERROR(INDEX(Stadiums!$C$2:$C$17,MATCH($V5,Stadiums!$A$2:$A$17,0)),"") -> Houston, Texas | Y5: =COUNTIF(Matches!$E$2:$E$105,$V5) -> 7 | Z5: =SUMIFS(Matches!$P$2:$P$105,Matches!$E$2:$E$105,$V5) -> 27 | AA5: =IFERROR(Z5/Y5,0) -> 3.8571429
A6: 5 | B6: =IFERROR(INDEX(Teams!$B$2:$B$49,MATCH($A6,Teams!$A$2:$A$49,0)),"") -> England | C6: =IFERROR(INDEX(Teams!$D$2:$D$49,MATCH($A6,Teams!$A$2:$A$49,0)),"") -> UEFA | D6: =IFERROR(INDEX(Teams!$E$2:$E$49,MATCH($A6,Teams!$A$2:$A$49,0)),"") -> Group L | E6: =COUNTIF(MatchTeamStats!$F$2:$F$209,$A6) -> 8 | F6: =COUNTIFS(MatchTeamStats!$F$2:$F$209,$A6,MatchTeamStats!$L$2:$L$209,"Win") -> 6 | G6: =COUNTIFS(MatchTeamStats!$F$2:$F$209,$A6,MatchTeamStats!$L$2:$L$209,"Draw") -> 1 | H6: =COUNTIFS(MatchTeamStats!$F$2:$F$209,$A6,MatchTeamStats!$L$2:$L$209,"Loss") -> 1 | I6: =SUMIFS(MatchTeamStats!$J$2:$J$209,MatchTeamStats!$F$2:$F$209,$A6) -> 20 | J6: =SUMIFS(MatchTeamStats!$K$2:$K$209,MatchTeamStats!$F$2:$F$209,$A6) -> 12 | K6: =I6-J6 -> 8 | L6: =SUMIFS(MatchTeamStats!$V$2:$V$209,MatchTeamStats!$F$2:$F$209,$A6) -> 19 | M6: =IFERROR(F6/E6,0) -> 0.75 | O6: Round of 16 | P6: =COUNTIF(Matches!$C$2:$C$105,$O6) -> 8 | Q6: =SUMIFS(Matches!$P$2:$P$105,Matches!$C$2:$C$105,$O6) -> 23 | R6: =IFERROR(Q6/P6,0) -> 2.875 | V6: 12 | W6: =IFERROR(INDEX(Stadiums!$B$2:$B$17,MATCH($V6,Stadiums!$A$2:$A$17,0)),"") -> Miami Stadium | X6: =IFERROR(INDEX(Stadiums!$C$2:$C$17,MATCH($V6,Stadiums!$A$2:$A$17,0)),"") -> Miami Gardens, Florida | Y6: =COUNTIF(Matches!$E$2:$E$105,$V6) -> 7 | Z6: =SUMIFS(Matches!$P$2:$P$105,Matches!$E$2:$E$105,$V6) -> 27 | AA6: =IFERROR(Z6/Y6,0) -> 3.8571429
A7: 6 | B7: =IFERROR(INDEX(Teams!$B$2:$B$49,MATCH($A7,Teams!$A$2:$A$49,0)),"") -> France | C7: =IFERROR(INDEX(Teams!$D$2:$D$49,MATCH($A7,Teams!$A$2:$A$49,0)),"") -> UEFA | D7: =IFERROR(INDEX(Teams!$E$2:$E$49,MATCH($A7,Teams!$A$2:$A$49,0)),"") -> Group I | E7: =COUNTIF(MatchTeamStats!$F$2:$F$209,$A7) -> 8 | F7: =COUNTIFS(MatchTeamStats!$F$2:$F$209,$A7,MatchTeamStats!$L$2:$L$209,"Win") -> 6 | G7: =COUNTIFS(MatchTeamStats!$F$2:$F$209,$A7,MatchTeamStats!$L$2:$L$209,"Draw") -> 0 | H7: =COUNTIFS(MatchTeamStats!$F$2:$F$209,$A7,MatchTeamStats!$L$2:$L$209,"Loss") -> 2 | I7: =SUMIFS(MatchTeamStats!$J$2:$J$209,MatchTeamStats!$F$2:$F$209,$A7) -> 20 | J7: =SUMIFS(MatchTeamStats!$K$2:$K$209,MatchTeamStats!$F$2:$F$209,$A7) -> 10 | K7: =I7-J7 -> 10 | L7: =SUMIFS(MatchTeamStats!$V$2:$V$209,MatchTeamStats!$F$2:$F$209,$A7) -> 18 | M7: =IFERROR(F7/E7,0) -> 0.75 | O7: Quarter-final | P7: =COUNTIF(Matches!$C$2:$C$105,$O7) -> 4 | Q7: =SUMIFS(Matches!$P$2:$P$105,Matches!$C$2:$C$105,$O7) -> 12 | R7: =IFERROR(Q7/P7,0) -> 3 | V7: 8 | W7: =IFERROR(INDEX(Stadiums!$B$2:$B$17,MATCH($V7,Stadiums!$A$2:$A$17,0)),"") -> Dallas Stadium | X7: =IFERROR(INDEX(Stadiums!$C$2:$C$17,MATCH($V7,Stadiums!$A$2:$A$17,0)),"") -> Arlington, Texas | Y7: =COUNTIF(Matches!$E$2:$E$105,$V7) -> 9 | Z7: =SUMIFS(Matches!$P$2:$P$105,Matches!$E$2:$E$105,$V7) -> 26 | AA7: =IFERROR(Z7/Y7,0) -> 2.8888889
A8: 8 | B8: =IFERROR(INDEX(Teams!$B$2:$B$49,MATCH($A8,Teams!$A$2:$A$49,0)),"") -> Mexico | C8: =IFERROR(INDEX(Teams!$D$2:$D$49,MATCH($A8,Teams!$A$2:$A$49,0)),"") -> CONCACAF | D8: =IFERROR(INDEX(Teams!$E$2:$E$49,MATCH($A8,Teams!$A$2:$A$49,0)),"") -> Group A | E8: =COUNTIF(MatchTeamStats!$F$2:$F$209,$A8) -> 5 | F8: =COUNTIFS(MatchTeamStats!$F$2:$F$209,$A8,MatchTeamStats!$L$2:$L$209,"Win") -> 4 | G8: =COUNTIFS(MatchTeamStats!$F$2:$F$209,$A8,MatchTeamStats!$L$2:$L$209,"Draw") -> 0 | H8: =COUNTIFS(MatchTeamStats!$F$2:$F$209,$A8,MatchTeamStats!$L$2:$L$209,"Loss") -> 1 | I8: =SUMIFS(MatchTeamStats!$J$2:$J$209,MatchTeamStats!$F$2:$F$209,$A8) -> 10 | J8: =SUMIFS(MatchTeamStats!$K$2:$K$209,MatchTeamStats!$F$2:$F$209,$A8) -> 3 | K8: =I8-J8 -> 7 | L8: =SUMIFS(MatchTeamStats!$V$2:$V$209,MatchTeamStats!$F$2:$F$209,$A8) -> 12 | M8: =IFERROR(F8/E8,0) -> 0.8 | O8: Semi-final | P8: =COUNTIF(Matches!$C$2:$C$105,$O8) -> 2 | Q8: =SUMIFS(Matches!$P$2:$P$105,Matches!$C$2:$C$105,$O8) -> 5 | R8: =IFERROR(Q8/P8,0) -> 2.5 | V8: 11 | W8: =IFERROR(INDEX(Stadiums!$B$2:$B$17,MATCH($V8,Stadiums!$A$2:$A$17,0)),"") -> Los Angeles Stadium | X8: =IFERROR(INDEX(Stadiums!$C$2:$C$17,MATCH($V8,Stadiums!$A$2:$A$17,0)),"") -> Inglewood, California | Y8: =COUNTIF(Matches!$E$2:$E$105,$V8) -> 8 | Z8: =SUMIFS(Matches!$P$2:$P$105,Matches!$E$2:$E$105,$V8) -> 26 | AA8: =IFERROR(Z8/Y8,0) -> 3.25
A9: 22 | B9: =IFERROR(INDEX(Teams!$B$2:$B$49,MATCH($A9,Teams!$A$2:$A$49,0)),"") -> Norway | C9: =IFERROR(INDEX(Teams!$D$2:$D$49,MATCH($A9,Teams!$A$2:$A$49,0)),"") -> UEFA | D9: =IFERROR(INDEX(Teams!$E$2:$E$49,MATCH($A9,Teams!$A$2:$A$49,0)),"") -> Group I | E9: =COUNTIF(MatchTeamStats!$F$2:$F$209,$A9) -> 6 | F9: =COUNTIFS(MatchTeamStats!$F$2:$F$209,$A9,MatchTeamStats!$L$2:$L$209,"Win") -> 4 | G9: =COUNTIFS(MatchTeamStats!$F$2:$F$209,$A9,MatchTeamStats!$L$2:$L$209,"Draw") -> 0 | H9: =COUNTIFS(MatchTeamStats!$F$2:$F$209,$A9,MatchTeamStats!$L$2:$L$209,"Loss") -> 2 | I9: =SUMIFS(MatchTeamStats!$J$2:$J$209,MatchTeamStats!$F$2:$F$209,$A9) -> 13 | J9: =SUMIFS(MatchTeamStats!$K$2:$K$209,MatchTeamStats!$F$2:$F$209,$A9) -> 11 | K9: =I9-J9 -> 2 | L9: =SUMIFS(MatchTeamStats!$V$2:$V$209,MatchTeamStats!$F$2:$F$209,$A9) -> 12 | M9: =IFERROR(F9/E9,0) -> 0.66666667 | O9: Bronze final | P9: =COUNTIF(Matches!$C$2:$C$105,$O9) -> 1 | Q9: =SUMIFS(Matches!$P$2:$P$105,Matches!$C$2:$C$105,$O9) -> 10 | R9: =IFERROR(Q9/P9,0) -> 10 | V9: 13 | W9: =IFERROR(INDEX(Stadiums!$B$2:$B$17,MATCH($V9,Stadiums!$A$2:$A$17,0)),"") -> New York New Jersey Stadium | X9: =IFERROR(INDEX(Stadiums!$C$2:$C$17,MATCH($V9,Stadiums!$A$2:$A$17,0)),"") -> East Rutherford, New Jersey | Y9: =COUNTIF(Matches!$E$2:$E$105,$V9) -> 8 | Z9: =SUMIFS(Matches!$P$2:$P$105,Matches!$E$2:$E$105,$V9) -> 23 | AA9: =IFERROR(Z9/Y9,0) -> 2.875
A10: 2 | B10: =IFERROR(INDEX(Teams!$B$2:$B$49,MATCH($A10,Teams!$A$2:$A$49,0)),"") -> Belgium | C10: =IFERROR(INDEX(Teams!$D$2:$D$49,MATCH($A10,Teams!$A$2:$A$49,0)),"") -> UEFA | D10: =IFERROR(INDEX(Teams!$E$2:$E$49,MATCH($A10,Teams!$A$2:$A$49,0)),"") -> Group G | E10: =COUNTIF(MatchTeamStats!$F$2:$F$209,$A10) -> 6 | F10: =COUNTIFS(MatchTeamStats!$F$2:$F$209,$A10,MatchTeamStats!$L$2:$L$209,"Win") -> 3 | G10: =COUNTIFS(MatchTeamStats!$F$2:$F$209,$A10,MatchTeamStats!$L$2:$L$209,"Draw") -> 2 | H10: =COUNTIFS(MatchTeamStats!$F$2:$F$209,$A10,MatchTeamStats!$L$2:$L$209,"Loss") -> 1 | I10: =SUMIFS(MatchTeamStats!$J$2:$J$209,MatchTeamStats!$F$2:$F$209,$A10) -> 14 | J10: =SUMIFS(MatchTeamStats!$K$2:$K$209,MatchTeamStats!$F$2:$F$209,$A10) -> 7 | K10: =I10-J10 -> 7 | L10: =SUMIFS(MatchTeamStats!$V$2:$V$209,MatchTeamStats!$F$2:$F$209,$A10) -> 11 | M10: =IFERROR(F10/E10,0) -> 0.5 | O10: Final | P10: =COUNTIF(Matches!$C$2:$C$105,$O10) -> 1 | Q10: =SUMIFS(Matches!$P$2:$P$105,Matches!$C$2:$C$105,$O10) -> 1 | R10: =IFERROR(Q10/P10,0) -> 1 | V10: 2 | W10: =IFERROR(INDEX(Stadiums!$B$2:$B$17,MATCH($V10,Stadiums!$A$2:$A$17,0)),"") -> BC Place Vancouver | X10: =IFERROR(INDEX(Stadiums!$C$2:$C$17,MATCH($V10,Stadiums!$A$2:$A$17,0)),"") -> Vancouver, British Colombia | Y10: =COUNTIF(Matches!$E$2:$E$105,$V10) -> 7 | Z10: =SUMIFS(Matches!$P$2:$P$105,Matches!$E$2:$E$105,$V10) -> 23 | AA10: =IFERROR(Z10/Y10,0) -> 3.2857143
A11: 4 | B11: =IFERROR(INDEX(Teams!$B$2:$B$49,MATCH($A11,Teams!$A$2:$A$49,0)),"") -> Colombia | C11: =IFERROR(INDEX(Teams!$D$2:$D$49,MATCH($A11,Teams!$A$2:$A$49,0)),"") -> CONMEBOL | D11: =IFERROR(INDEX(Teams!$E$2:$E$49,MATCH($A11,Teams!$A$2:$A$49,0)),"") -> Group K | E11: =COUNTIF(MatchTeamStats!$F$2:$F$209,$A11) -> 5 | F11: =COUNTIFS(MatchTeamStats!$F$2:$F$209,$A11,MatchTeamStats!$L$2:$L$209,"Win") -> 3 | G11: =COUNTIFS(MatchTeamStats!$F$2:$F$209,$A11,MatchTeamStats!$L$2:$L$209,"Draw") -> 2 | H11: =COUNTIFS(MatchTeamStats!$F$2:$F$209,$A11,MatchTeamStats!$L$2:$L$209,"Loss") -> 0 | I11: =SUMIFS(MatchTeamStats!$J$2:$J$209,MatchTeamStats!$F$2:$F$209,$A11) -> 5 | J11: =SUMIFS(MatchTeamStats!$K$2:$K$209,MatchTeamStats!$F$2:$F$209,$A11) -> 1 | K11: =I11-J11 -> 4 | L11: =SUMIFS(MatchTeamStats!$V$2:$V$209,MatchTeamStats!$F$2:$F$209,$A11) -> 11 | M11: =IFERROR(F11/E11,0) -> 0.6 | V11: 16 | W11: =IFERROR(INDEX(Stadiums!$B$2:$B$17,MATCH($V11,Stadiums!$A$2:$A$17,0)),"") -> Seattle Stadium | X11: =IFERROR(INDEX(Stadiums!$C$2:$C$17,MATCH($V11,Stadiums!$A$2:$A$17,0)),"") -> Seattle, Washington | Y11: =COUNTIF(Matches!$E$2:$E$105,$V11) -> 6 | Z11: =SUMIFS(Matches!$P$2:$P$105,Matches!$E$2:$E$105,$V11) -> 20 | AA11: =IFERROR(Z11/Y11,0) -> 3.3333333
A12: 11 | B12: =IFERROR(INDEX(Teams!$B$2:$B$49,MATCH($A12,Teams!$A$2:$A$49,0)),"") -> Switzerland | C12: =IFERROR(INDEX(Teams!$D$2:$D$49,MATCH($A12,Teams!$A$2:$A$49,0)),"") -> UEFA | D12: =IFERROR(INDEX(Teams!$E$2:$E$49,MATCH($A12,Teams!$A$2:$A$49,0)),"") -> Group B | E12: =COUNTIF(MatchTeamStats!$F$2:$F$209,$A12) -> 6 | F12: =COUNTIFS(MatchTeamStats!$F$2:$F$209,$A12,MatchTeamStats!$L$2:$L$209,"Win") -> 3 | G12: =COUNTIFS(MatchTeamStats!$F$2:$F$209,$A12,MatchTeamStats!$L$2:$L$209,"Draw") -> 2 | H12: =COUNTIFS(MatchTeamStats!$F$2:$F$209,$A12,MatchTeamStats!$L$2:$L$209,"Loss") -> 1 | I12: =SUMIFS(MatchTeamStats!$J$2:$J$209,MatchTeamStats!$F$2:$F$209,$A12) -> 10 | J12: =SUMIFS(MatchTeamStats!$K$2:$K$209,MatchTeamStats!$F$2:$F$209,$A12) -> 6 | K12: =I12-J12 -> 4 | L12: =SUMIFS(MatchTeamStats!$V$2:$V$209,MatchTeamStats!$F$2:$F$209,$A12) -> 11 | M12: =IFERROR(F12/E12,0) -> 0.5 | V12: 10 | W12: =IFERROR(INDEX(Stadiums!$B$2:$B$17,MATCH($V12,Stadiums!$A$2:$A$17,0)),"") -> Kansas City Stadium | X12: =IFERROR(INDEX(Stadiums!$C$2:$C$17,MATCH($V12,Stadiums!$A$2:$A$17,0)),"") -> Kansas City, Missouri | Y12: =COUNTIF(Matches!$E$2:$E$105,$V12) -> 6 | Z12: =SUMIFS(Matches!$P$2:$P$105,Matches!$E$2:$E$105,$V12) -> 18 | AA12: =IFERROR(Z12/Y12,0) -> 3
A13: 21 | B13: =IFERROR(INDEX(Teams!$B$2:$B$49,MATCH($A13,Teams!$A$2:$A$49,0)),"") -> Morocco | C13: =IFERROR(INDEX(Teams!$D$2:$D$49,MATCH($A13,Teams!$A$2:$A$49,0)),"") -> CAF | D13: =IFERROR(INDEX(Teams!$E$2:$E$49,MATCH($A13,Teams!$A$2:$A$49,0)),"") -> Group C | E13: =COUNTIF(MatchTeamStats!$F$2:$F$209,$A13) -> 6 | F13: =COUNTIFS(MatchTeamStats!$F$2:$F$209,$A13,MatchTeamStats!$L$2:$L$209,"Win") -> 3 | G13: =COUNTIFS(MatchTeamStats!$F$2:$F$209,$A13,MatchTeamStats!$L$2:$L$209,"Draw") -> 2 | H13: =COUNTIFS(MatchTeamStats!$F$2:$F$209,$A13,MatchTeamStats!$L$2:$L$209,"Loss") -> 1 | I13: =SUMIFS(MatchTeamStats!$J$2:$J$209,MatchTeamStats!$F$2:$F$209,$A13) -> 10 | J13: =SUMIFS(MatchTeamStats!$K$2:$K$209,MatchTeamStats!$F$2:$F$209,$A13) -> 6 | K13: =I13-J13 -> 4 | L13: =SUMIFS(MatchTeamStats!$V$2:$V$209,MatchTeamStats!$F$2:$F$209,$A13) -> 11 | M13: =IFERROR(F13/E13,0) -> 0.5 | O13: Top 15 Goal Scorers | V13: 3 | W13: =IFERROR(INDEX(Stadiums!$B$2:$B$17,MATCH($V13,Stadiums!$A$2:$A$17,0)),"") -> Mexico City Stadium | X13: =IFERROR(INDEX(Stadiums!$C$2:$C$17,MATCH($V13,Stadiums!$A$2:$A$17,0)),"") -> Mexico City | Y13: =COUNTIF(Matches!$E$2:$E$105,$V13) -> 5 | Z13: =SUMIFS(Matches!$P$2:$P$105,Matches!$E$2:$E$105,$V13) -> 16 | AA13: =IFERROR(Z13/Y13,0) -> 3.2
A14: 3 | B14: =IFERROR(INDEX(Teams!$B$2:$B$49,MATCH($A14,Teams!$A$2:$A$49,0)),"") -> Brazil | C14: =IFERROR(INDEX(Teams!$D$2:$D$49,MATCH($A14,Teams!$A$2:$A$49,0)),"") -> CONMEBOL | D14: =IFERROR(INDEX(Teams!$E$2:$E$49,MATCH($A14,Teams!$A$2:$A$49,0)),"") -> Group C | E14: =COUNTIF(MatchTeamStats!$F$2:$F$209,$A14) -> 5 | F14: =COUNTIFS(MatchTeamStats!$F$2:$F$209,$A14,MatchTeamStats!$L$2:$L$209,"Win") -> 3 | G14: =COUNTIFS(MatchTeamStats!$F$2:$F$209,$A14,MatchTeamStats!$L$2:$L$209,"Draw") -> 1 | H14: =COUNTIFS(MatchTeamStats!$F$2:$F$209,$A14,MatchTeamStats!$L$2:$L$209,"Loss") -> 1 | I14: =SUMIFS(MatchTeamStats!$J$2:$J$209,MatchTeamStats!$F$2:$F$209,$A14) -> 10 | J14: =SUMIFS(MatchTeamStats!$K$2:$K$209,MatchTeamStats!$F$2:$F$209,$A14) -> 4 | K14: =I14-J14 -> 6 | L14: =SUMIFS(MatchTeamStats!$V$2:$V$209,MatchTeamStats!$F$2:$F$209,$A14) -> 10 | M14: =IFERROR(F14/E14,0) -> 0.6 | O14: Ranked by goals; row order is a fixed snapshot, goal counts recalc live. Source: Goals. | V14: 7 | W14: =IFERROR(INDEX(Stadiums!$B$2:$B$17,MATCH($V14,Stadiums!$A$2:$A$17,0)),"") -> Boston Stadium | X14: =IFERROR(INDEX(Stadiums!$C$2:$C$17,MATCH($V14,Stadiums!$A$2:$A$17,0)),"") -> Foxborough, Massachusetts | Y14: =COUNTIF(Matches!$E$2:$E$105,$V14) -> 7 | Z14: =SUMIFS(Matches!$P$2:$P$105,Matches!$E$2:$E$105,$V14) -> 16 | AA14: =IFERROR(Z14/Y14,0) -> 2.2857143
A15: 12 | B15: =IFERROR(INDEX(Teams!$B$2:$B$49,MATCH($A15,Teams!$A$2:$A$49,0)),"") -> USA | C15: =IFERROR(INDEX(Teams!$D$2:$D$49,MATCH($A15,Teams!$A$2:$A$49,0)),"") -> CONCACAF | D15: =IFERROR(INDEX(Teams!$E$2:$E$49,MATCH($A15,Teams!$A$2:$A$49,0)),"") -> Group D | E15: =COUNTIF(MatchTeamStats!$F$2:$F$209,$A15) -> 5 | F15: =COUNTIFS(MatchTeamStats!$F$2:$F$209,$A15,MatchTeamStats!$L$2:$L$209,"Win") -> 3 | G15: =COUNTIFS(MatchTeamStats!$F$2:$F$209,$A15,MatchTeamStats!$L$2:$L$209,"Draw") -> 0 | H15: =COUNTIFS(MatchTeamStats!$F$2:$F$209,$A15,MatchTeamStats!$L$2:$L$209,"Loss") -> 2 | I15: =SUMIFS(MatchTeamStats!$J$2:$J$209,MatchTeamStats!$F$2:$F$209,$A15) -> 11 | J15: =SUMIFS(MatchTeamStats!$K$2:$K$209,MatchTeamStats!$F$2:$F$209,$A15) -> 8 | K15: =I15-J15 -> 3 | L15: =SUMIFS(MatchTeamStats!$V$2:$V$209,MatchTeamStats!$F$2:$F$209,$A15) -> 9 | M15: =IFERROR(F15/E15,0) -> 0.6 | O15: Rank | P15: PlayerID | Q15: Player | R15: Team | S15: Position | T15: Goals | V15: 1 | W15: =IFERROR(INDEX(Stadiums!$B$2:$B$17,MATCH($V15,Stadiums!$A$2:$A$17,0)),"") -> Toronto Stadium | X15: =IFERROR(INDEX(Stadiums!$C$2:$C$17,MATCH($V15,Stadiums!$A$2:$A$17,0)),"") -> Toronto, Ontario | Y15: =COUNTIF(Matches!$E$2:$E$105,$V15) -> 6 | Z15: =SUMIFS(Matches!$P$2:$P$105,Matches!$E$2:$E$105,$V15) -> 15 | AA15: =IFERROR(Z15/Y15,0) -> 2.5
A16: 9 | B16: =IFERROR(INDEX(Teams!$B$2:$B$49,MATCH($A16,Teams!$A$2:$A$49,0)),"") -> Netherlands | C16: =IFERROR(INDEX(Teams!$D$2:$D$49,MATCH($A16,Teams!$A$2:$A$49,0)),"") -> UEFA | D16: =IFERROR(INDEX(Teams!$E$2:$E$49,MATCH($A16,Teams!$A$2:$A$49,0)),"") -> Group F | E16: =COUNTIF(MatchTeamStats!$F$2:$F$209,$A16) -> 4 | F16: =COUNTIFS(MatchTeamStats!$F$2:$F$209,$A16,MatchTeamStats!$L$2:$L$209,"Win") -> 2 | G16: =COUNTIFS(MatchTeamStats!$F$2:$F$209,$A16,MatchTeamStats!$L$2:$L$209,"Draw") -> 2 | H16: =COUNTIFS(MatchTeamStats!$F$2:$F$209,$A16,MatchTeamStats!$L$2:$L$209,"Loss") -> 0 | I16: =SUMIFS(MatchTeamStats!$J$2:$J$209,MatchTeamStats!$F$2:$F$209,$A16) -> 11 | J16: =SUMIFS(MatchTeamStats!$K$2:$K$209,MatchTeamStats!$F$2:$F$209,$A16) -> 5 | K16: =I16-J16 -> 6 | L16: =SUMIFS(MatchTeamStats!$V$2:$V$209,MatchTeamStats!$F$2:$F$209,$A16) -> 8 | M16: =IFERROR(F16/E16,0) -> 0.5 | O16: 1 | P16: 478 | Q16: =IFERROR(INDEX(Players!$B$2:$B$1249,MATCH($P16,Players!$A$2:$A$1249,0)),"") -> Kylian Mbappe | R16: =IFERROR(INDEX(Players!$D$2:$D$1249,MATCH($P16,Players!$A$2:$A$1249,0)),"") -> France | S16: =IFERROR(INDEX(Players!$E$2:$E$1249,MATCH($P16,Players!$A$2:$A$1249,0)),"") -> FW | T16: =COUNTIF(Goals!$C$2:$C$309,$P16) -> 10 | V16: 14 | W16: =IFERROR(INDEX(Stadiums!$B$2:$B$17,MATCH($V16,Stadiums!$A$2:$A$17,0)),"") -> Philadelphia Stadium | X16: =IFERROR(INDEX(Stadiums!$C$2:$C$17,MATCH($V16,Stadiums!$A$2:$A$17,0)),"") -> Philadelphia, Pennsylvania | Y16: =COUNTIF(Matches!$E$2:$E$105,$V16) -> 6 | Z16: =SUMIFS(Matches!$P$2:$P$105,Matches!$E$2:$E$105,$V16) -> 13 | AA16: =IFERROR(Z16/Y16,0) -> 2.1666667
A17: 23 | B17: =IFERROR(INDEX(Teams!$B$2:$B$49,MATCH($A17,Teams!$A$2:$A$49,0)),"") -> Portugal | C17: =IFERROR(INDEX(Teams!$D$2:$D$49,MATCH($A17,Teams!$A$2:$A$49,0)),"") -> UEFA | D17: =IFERROR(INDEX(Teams!$E$2:$E$49,MATCH($A17,Teams!$A$2:$A$49,0)),"") -> Group K | E17: =COUNTIF(MatchTeamStats!$F$2:$F$209,$A17) -> 5 | F17: =COUNTIFS(MatchTeamStats!$F$2:$F$209,$A17,MatchTeamStats!$L$2:$L$209,"Win") -> 2 | G17: =COUNTIFS(MatchTeamStats!$F$2:$F$209,$A17,MatchTeamStats!$L$2:$L$209,"Draw") -> 2 | H17: =COUNTIFS(MatchTeamStats!$F$2:$F$209,$A17,MatchTeamStats!$L$2:$L$209,"Loss") -> 1 | I17: =SUMIFS(MatchTeamStats!$J$2:$J$209,MatchTeamStats!$F$2:$F$209,$A17) -> 8 | J17: =SUMIFS(MatchTeamStats!$K$2:$K$209,MatchTeamStats!$F$2:$F$209,$A17) -> 3 | K17: =I17-J17 -> 5 | L17: =SUMIFS(MatchTeamStats!$V$2:$V$209,MatchTeamStats!$F$2:$F$209,$A17) -> 8 | M17: =IFERROR(F17/E17,0) -> 0.4 | O17: 2 | P17: 36 | Q17: =IFERROR(INDEX(Players!$B$2:$B$1249,MATCH($P17,Players!$A$2:$A$1249,0)),"") -> Lionel Messi | R17: =IFERROR(INDEX(Players!$D$2:$D$1249,MATCH($P17,Players!$A$2:$A$1249,0)),"") -> Argentina | S17: =IFERROR(INDEX(Players!$E$2:$E$1249,MATCH($P17,Players!$A$2:$A$1249,0)),"") -> FW | T17: =COUNTIF(Goals!$C$2:$C$309,$P17) -> 8 | V17: 5 | W17: =IFERROR(INDEX(Stadiums!$B$2:$B$17,MATCH($V17,Stadiums!$A$2:$A$17,0)),"") -> Estadio Monterrey | X17: =IFERROR(INDEX(Stadiums!$C$2:$C$17,MATCH($V17,Stadiums!$A$2:$A$17,0)),"") -> Guadalupe, Nuevo Leon | Y17: =COUNTIF(Matches!$E$2:$E$105,$V17) -> 4 | Z17: =SUMIFS(Matches!$P$2:$P$105,Matches!$E$2:$E$105,$V17) -> 13 | AA17: =IFERROR(Z17/Y17,0) -> 3.25
A18: 7 | B18: =IFERROR(INDEX(Teams!$B$2:$B$49,MATCH($A18,Teams!$A$2:$A$49,0)),"") -> Germany | C18: =IFERROR(INDEX(Teams!$D$2:$D$49,MATCH($A18,Teams!$A$2:$A$49,0)),"") -> UEFA | D18: =IFERROR(INDEX(Teams!$E$2:$E$49,MATCH($A18,Teams!$A$2:$A$49,0)),"") -> Group E | E18: =COUNTIF(MatchTeamStats!$F$2:$F$209,$A18) -> 4 | F18: =COUNTIFS(MatchTeamStats!$F$2:$F$209,$A18,MatchTeamStats!$L$2:$L$209,"Win") -> 2 | G18: =COUNTIFS(MatchTeamStats!$F$2:$F$209,$A18,MatchTeamStats!$L$2:$L$209,"Draw") -> 1 | H18: =COUNTIFS(MatchTeamStats!$F$2:$F$209,$A18,MatchTeamStats!$L$2:$L$209,"Loss") -> 1 | I18: =SUMIFS(MatchTeamStats!$J$2:$J$209,MatchTeamStats!$F$2:$F$209,$A18) -> 11 | J18: =SUMIFS(MatchTeamStats!$K$2:$K$209,MatchTeamStats!$F$2:$F$209,$A18) -> 5 | K18: =I18-J18 -> 6 | L18: =SUMIFS(MatchTeamStats!$V$2:$V$209,MatchTeamStats!$F$2:$F$209,$A18) -> 7 | M18: =IFERROR(F18/E18,0) -> 0.5 | O18: 3 | P18: 452 | Q18: =IFERROR(INDEX(Players!$B$2:$B$1249,MATCH($P18,Players!$A$2:$A$1249,0)),"") -> Jude Bellingham | R18: =IFERROR(INDEX(Players!$D$2:$D$1249,MATCH($P18,Players!$A$2:$A$1249,0)),"") -> England | S18: =IFERROR(INDEX(Players!$E$2:$E$1249,MATCH($P18,Players!$A$2:$A$1249,0)),"") -> MF | T18: =COUNTIF(Goals!$C$2:$C$309,$P18) -> 7 | V18: 15 | W18: =IFERROR(INDEX(Stadiums!$B$2:$B$17,MATCH($V18,Stadiums!$A$2:$A$17,0)),"") -> San Francisco Bay Area Stadium | X18: =IFERROR(INDEX(Stadiums!$C$2:$C$17,MATCH($V18,Stadiums!$A$2:$A$17,0)),"") -> Santa Clara, California | Y18: =COUNTIF(Matches!$E$2:$E$105,$V18) -> 6 | Z18: =SUMIFS(Matches!$P$2:$P$105,Matches!$E$2:$E$105,$V18) -> 12 | AA18: =IFERROR(Z18/Y18,0) -> 2
A19: 16 | B19: =IFERROR(INDEX(Teams!$B$2:$B$49,MATCH($A19,Teams!$A$2:$A$49,0)),"") -> Canada | C19: =IFERROR(INDEX(Teams!$D$2:$D$49,MATCH($A19,Teams!$A$2:$A$49,0)),"") -> CONCACAF | D19: =IFERROR(INDEX(Teams!$E$2:$E$49,MATCH($A19,Teams!$A$2:$A$49,0)),"") -> Group B | E19: =COUNTIF(MatchTeamStats!$F$2:$F$209,$A19) -> 5 | F19: =COUNTIFS(MatchTeamStats!$F$2:$F$209,$A19,MatchTeamStats!$L$2:$L$209,"Win") -> 2 | G19: =COUNTIFS(MatchTeamStats!$F$2:$F$209,$A19,MatchTeamStats!$L$2:$L$209,"Draw") -> 1 | H19: =COUNTIFS(MatchTeamStats!$F$2:$F$209,$A19,MatchTeamStats!$L$2:$L$209,"Loss") -> 2 | I19: =SUMIFS(MatchTeamStats!$J$2:$J$209,MatchTeamStats!$F$2:$F$209,$A19) -> 9 | J19: =SUMIFS(MatchTeamStats!$K$2:$K$209,MatchTeamStats!$F$2:$F$209,$A19) -> 6 | K19: =I19-J19 -> 3 | L19: =SUMIFS(MatchTeamStats!$V$2:$V$209,MatchTeamStats!$F$2:$F$209,$A19) -> 7 | M19: =IFERROR(F19/E19,0) -> 0.4 | O19: 4 | P19: 815 | Q19: =IFERROR(INDEX(Players!$B$2:$B$1249,MATCH($P19,Players!$A$2:$A$1249,0)),"") -> Erling Haaland | R19: =IFERROR(INDEX(Players!$D$2:$D$1249,MATCH($P19,Players!$A$2:$A$1249,0)),"") -> Norway | S19: =IFERROR(INDEX(Players!$E$2:$E$1249,MATCH($P19,Players!$A$2:$A$1249,0)),"") -> FW | T19: =COUNTIF(Goals!$C$2:$C$309,$P19) -> 7 | V19: 4 | W19: =IFERROR(INDEX(Stadiums!$B$2:$B$17,MATCH($V19,Stadiums!$A$2:$A$17,0)),"") -> Guadalajara Stadium | X19: =IFERROR(INDEX(Stadiums!$C$2:$C$17,MATCH($V19,Stadiums!$A$2:$A$17,0)),"") -> Zapopan, Jalisco | Y19: =COUNTIF(Matches!$E$2:$E$105,$V19) -> 4 | Z19: =SUMIFS(Matches!$P$2:$P$105,Matches!$E$2:$E$105,$V19) -> 6 | AA19: =IFERROR(Z19/Y19,0) -> 1.5
A20: 17 | B20: =IFERROR(INDEX(Teams!$B$2:$B$49,MATCH($A20,Teams!$A$2:$A$49,0)),"") -> Côte d'Ivoire | C20: =IFERROR(INDEX(Teams!$D$2:$D$49,MATCH($A20,Teams!$A$2:$A$49,0)),"") -> CAF | D20: =IFERROR(INDEX(Teams!$E$2:$E$49,MATCH($A20,Teams!$A$2:$A$49,0)),"") -> Group E | E20: =COUNTIF(MatchTeamStats!$F$2:$F$209,$A20) -> 4 | F20: =COUNTIFS(MatchTeamStats!$F$2:$F$209,$A20,MatchTeamStats!$L$2:$L$209,"Win") -> 2 | G20: =COUNTIFS(MatchTeamStats!$F$2:$F$209,$A20,MatchTeamStats!$L$2:$L$209,"Draw") -> 0 | H20: =COUNTIFS(MatchTeamStats!$F$2:$F$209,$A20,MatchTeamStats!$L$2:$L$209,"Loss") -> 2 | I20: =SUMIFS(MatchTeamStats!$J$2:$J$209,MatchTeamStats!$F$2:$F$209,$A20) -> 5 | J20: =SUMIFS(MatchTeamStats!$K$2:$K$209,MatchTeamStats!$F$2:$F$209,$A20) -> 4 | K20: =I20-J20 -> 1 | L20: =SUMIFS(MatchTeamStats!$V$2:$V$209,MatchTeamStats!$F$2:$F$209,$A20) -> 6 | M20: =IFERROR(F20/E20,0) -> 0.5 | O20: 5 | P20: 475 | Q20: =IFERROR(INDEX(Players!$B$2:$B$1249,MATCH($P20,Players!$A$2:$A$1249,0)),"") -> Ousmane Dembele | R20: =IFERROR(INDEX(Players!$D$2:$D$1249,MATCH($P20,Players!$A$2:$A$1249,0)),"") -> France | S20: =IFERROR(INDEX(Players!$E$2:$E$1249,MATCH($P20,Players!$A$2:$A$1249,0)),"") -> FW | T20: =COUNTIF(Goals!$C$2:$C$309,$P20) -> 6
A21: 19 | B21: =IFERROR(INDEX(Teams!$B$2:$B$49,MATCH($A21,Teams!$A$2:$A$49,0)),"") -> Egypt | C21: =IFERROR(INDEX(Teams!$D$2:$D$49,MATCH($A21,Teams!$A$2:$A$49,0)),"") -> CAF | D21: =IFERROR(INDEX(Teams!$E$2:$E$49,MATCH($A21,Teams!$A$2:$A$49,0)),"") -> Group G | E21: =COUNTIF(MatchTeamStats!$F$2:$F$209,$A21) -> 5 | F21: =COUNTIFS(MatchTeamStats!$F$2:$F$209,$A21,MatchTeamStats!$L$2:$L$209,"Win") -> 1 | G21: =COUNTIFS(MatchTeamStats!$F$2:$F$209,$A21,MatchTeamStats!$L$2:$L$209,"Draw") -> 3 | H21: =COUNTIFS(MatchTeamStats!$F$2:$F$209,$A21,MatchTeamStats!$L$2:$L$209,"Loss") -> 1 | I21: =SUMIFS(MatchTeamStats!$J$2:$J$209,MatchTeamStats!$F$2:$F$209,$A21) -> 8 | J21: =SUMIFS(MatchTeamStats!$K$2:$K$209,MatchTeamStats!$F$2:$F$209,$A21) -> 7 | K21: =I21-J21 -> 1 | L21: =SUMIFS(MatchTeamStats!$V$2:$V$209,MatchTeamStats!$F$2:$F$209,$A21) -> 6 | M21: =IFERROR(F21/E21,0) -> 0.2 | O21: 6 | P21: 451 | Q21: =IFERROR(INDEX(Players!$B$2:$B$1249,MATCH($P21,Players!$A$2:$A$1249,0)),"") -> Harry Kane | R21: =IFERROR(INDEX(Players!$D$2:$D$1249,MATCH($P21,Players!$A$2:$A$1249,0)),"") -> England | S21: =IFERROR(INDEX(Players!$E$2:$E$1249,MATCH($P21,Players!$A$2:$A$1249,0)),"") -> FW | T21: =COUNTIF(Goals!$C$2:$C$309,$P21) -> 6
A22: 18 | B22: =IFERROR(INDEX(Teams!$B$2:$B$49,MATCH($A22,Teams!$A$2:$A$49,0)),"") -> Croatia | C22: =IFERROR(INDEX(Teams!$D$2:$D$49,MATCH($A22,Teams!$A$2:$A$49,0)),"") -> UEFA | D22: =IFERROR(INDEX(Teams!$E$2:$E$49,MATCH($A22,Teams!$A$2:$A$49,0)),"") -> Group L | E22: =COUNTIF(MatchTeamStats!$F$2:$F$209,$A22) -> 4 | F22: =COUNTIFS(MatchTeamStats!$F$2:$F$209,$A22,MatchTeamStats!$L$2:$L$209,"Win") -> 2 | G22: =COUNTIFS(MatchTeamStats!$F$2:$F$209,$A22,MatchTeamStats!$L$2:$L$209,"Draw") -> 0 | H22: =COUNTIFS(MatchTeamStats!$F$2:$F$209,$A22,MatchTeamStats!$L$2:$L$209,"Loss") -> 2 | I22: =SUMIFS(MatchTeamStats!$J$2:$J$209,MatchTeamStats!$F$2:$F$209,$A22) -> 6 | J22: =SUMIFS(MatchTeamStats!$K$2:$K$209,MatchTeamStats!$F$2:$F$209,$A22) -> 7 | K22: =I22-J22 -> -1 | L22: =SUMIFS(MatchTeamStats!$V$2:$V$209,MatchTeamStats!$F$2:$F$209,$A22) -> 6 | M22: =IFERROR(F22/E22,0) -> 0.5 | O22: 7 | P22: 1061 | Q22: =IFERROR(INDEX(Players!$B$2:$B$1249,MATCH($P22,Players!$A$2:$A$1249,0)),"") -> Mikel Oyarzabal | R22: =IFERROR(INDEX(Players!$D$2:$D$1249,MATCH($P22,Players!$A$2:$A$1249,0)),"") -> Spain | S22: =IFERROR(INDEX(Players!$E$2:$E$1249,MATCH($P22,Players!$A$2:$A$1249,0)),"") -> FW | T22: =COUNTIF(Goals!$C$2:$C$309,$P22) -> 5 | V22: Confederation Summary
A23: 20 | B23: =IFERROR(INDEX(Teams!$B$2:$B$49,MATCH($A23,Teams!$A$2:$A$49,0)),"") -> Japan | C23: =IFERROR(INDEX(Teams!$D$2:$D$49,MATCH($A23,Teams!$A$2:$A$49,0)),"") -> AFC | D23: =IFERROR(INDEX(Teams!$E$2:$E$49,MATCH($A23,Teams!$A$2:$A$49,0)),"") -> Group F | E23: =COUNTIF(MatchTeamStats!$F$2:$F$209,$A23) -> 4 | F23: =COUNTIFS(MatchTeamStats!$F$2:$F$209,$A23,MatchTeamStats!$L$2:$L$209,"Win") -> 1 | G23: =COUNTIFS(MatchTeamStats!$F$2:$F$209,$A23,MatchTeamStats!$L$2:$L$209,"Draw") -> 2 | H23: =COUNTIFS(MatchTeamStats!$F$2:$F$209,$A23,MatchTeamStats!$L$2:$L$209,"Loss") -> 1 | I23: =SUMIFS(MatchTeamStats!$J$2:$J$209,MatchTeamStats!$F$2:$F$209,$A23) -> 8 | J23: =SUMIFS(MatchTeamStats!$K$2:$K$209,MatchTeamStats!$F$2:$F$209,$A23) -> 5 | K23: =I23-J23 -> 3 | L23: =SUMIFS(MatchTeamStats!$V$2:$V$209,MatchTeamStats!$F$2:$F$209,$A23) -> 5 | M23: =IFERROR(F23/E23,0) -> 0.25 | O23: 8 | P23: 718 | Q23: =IFERROR(INDEX(Players!$B$2:$B$1249,MATCH($P23,Players!$A$2:$A$1249,0)),"") -> Julian Quinones | R23: =IFERROR(INDEX(Players!$D$2:$D$1249,MATCH($P23,Players!$A$2:$A$1249,0)),"") -> Mexico | S23: =IFERROR(INDEX(Players!$E$2:$E$1249,MATCH($P23,Players!$A$2:$A$1249,0)),"") -> FW | T23: =COUNTIF(Goals!$C$2:$C$309,$P23) -> 4 | V23: Aggregated from Team Performance Summary (this sheet).
A24: 13 | B24: =IFERROR(INDEX(Teams!$B$2:$B$49,MATCH($A24,Teams!$A$2:$A$49,0)),"") -> Australia | C24: =IFERROR(INDEX(Teams!$D$2:$D$49,MATCH($A24,Teams!$A$2:$A$49,0)),"") -> AFC | D24: =IFERROR(INDEX(Teams!$E$2:$E$49,MATCH($A24,Teams!$A$2:$A$49,0)),"") -> Group D | E24: =COUNTIF(MatchTeamStats!$F$2:$F$209,$A24) -> 4 | F24: =COUNTIFS(MatchTeamStats!$F$2:$F$209,$A24,MatchTeamStats!$L$2:$L$209,"Win") -> 1 | G24: =COUNTIFS(MatchTeamStats!$F$2:$F$209,$A24,MatchTeamStats!$L$2:$L$209,"Draw") -> 2 | H24: =COUNTIFS(MatchTeamStats!$F$2:$F$209,$A24,MatchTeamStats!$L$2:$L$209,"Loss") -> 1 | I24: =SUMIFS(MatchTeamStats!$J$2:$J$209,MatchTeamStats!$F$2:$F$209,$A24) -> 3 | J24: =SUMIFS(MatchTeamStats!$K$2:$K$209,MatchTeamStats!$F$2:$F$209,$A24) -> 3 | K24: =I24-J24 -> 0 | L24: =SUMIFS(MatchTeamStats!$V$2:$V$209,MatchTeamStats!$F$2:$F$209,$A24) -> 5 | M24: =IFERROR(F24/E24,0) -> 0.25 | O24: 9 | P24: 1006 | Q24: =IFERROR(INDEX(Players!$B$2:$B$1249,MATCH($P24,Players!$A$2:$A$1249,0)),"") -> Ismaila Sarr | R24: =IFERROR(INDEX(Players!$D$2:$D$1249,MATCH($P24,Players!$A$2:$A$1249,0)),"") -> Senegal | S24: =IFERROR(INDEX(Players!$E$2:$E$1249,MATCH($P24,Players!$A$2:$A$1249,0)),"") -> FW | T24: =COUNTIF(Goals!$C$2:$C$309,$P24) -> 4 | V24: Confederation | W24: Teams | X24: Total Wins | Y24: Total Goals For | Z24: Total Points
A25: 32 | B25: =IFERROR(INDEX(Teams!$B$2:$B$49,MATCH($A25,Teams!$A$2:$A$49,0)),"") -> Paraguay | C25: =IFERROR(INDEX(Teams!$D$2:$D$49,MATCH($A25,Teams!$A$2:$A$49,0)),"") -> CONMEBOL | D25: =IFERROR(INDEX(Teams!$E$2:$E$49,MATCH($A25,Teams!$A$2:$A$49,0)),"") -> Group D | E25: =COUNTIF(MatchTeamStats!$F$2:$F$209,$A25) -> 5 | F25: =COUNTIFS(MatchTeamStats!$F$2:$F$209,$A25,MatchTeamStats!$L$2:$L$209,"Win") -> 1 | G25: =COUNTIFS(MatchTeamStats!$F$2:$F$209,$A25,MatchTeamStats!$L$2:$L$209,"Draw") -> 2 | H25: =COUNTIFS(MatchTeamStats!$F$2:$F$209,$A25,MatchTeamStats!$L$2:$L$209,"Loss") -> 2 | I25: =SUMIFS(MatchTeamStats!$J$2:$J$209,MatchTeamStats!$F$2:$F$209,$A25) -> 3 | J25: =SUMIFS(MatchTeamStats!$K$2:$K$209,MatchTeamStats!$F$2:$F$209,$A25) -> 6 | K25: =I25-J25 -> -3 | L25: =SUMIFS(MatchTeamStats!$V$2:$V$209,MatchTeamStats!$F$2:$F$209,$A25) -> 5 | M25: =IFERROR(F25/E25,0) -> 0.2 | O25: 10 | P25: 163 | Q25: =IFERROR(INDEX(Players!$B$2:$B$1249,MATCH($P25,Players!$A$2:$A$1249,0)),"") -> Vinicius Junior | R25: =IFERROR(INDEX(Players!$D$2:$D$1249,MATCH($P25,Players!$A$2:$A$1249,0)),"") -> Brazil | S25: =IFERROR(INDEX(Players!$E$2:$E$1249,MATCH($P25,Players!$A$2:$A$1249,0)),"") -> FW | T25: =COUNTIF(Goals!$C$2:$C$309,$P25) -> 4 | V25: UEFA | W25: =COUNTIF($C$4:$C$51,$V25) -> 16 | X25: =SUMIF($C$4:$C$51,$V25,$F$4:$F$51) -> 42 | Y25: =SUMIF($C$4:$C$51,$V25,$I$4:$I$51) -> 151 | Z25: =SUMIF($C$4:$C$51,$V25,$L$4:$L$51) -> 141
A26: 27 | B26: =IFERROR(INDEX(Teams!$B$2:$B$49,MATCH($A26,Teams!$A$2:$A$49,0)),"") -> Congo DR | C26: =IFERROR(INDEX(Teams!$D$2:$D$49,MATCH($A26,Teams!$A$2:$A$49,0)),"") -> CAF | D26: =IFERROR(INDEX(Teams!$E$2:$E$49,MATCH($A26,Teams!$A$2:$A$49,0)),"") -> Group K | E26: =COUNTIF(MatchTeamStats!$F$2:$F$209,$A26) -> 4 | F26: =COUNTIFS(MatchTeamStats!$F$2:$F$209,$A26,MatchTeamStats!$L$2:$L$209,"Win") -> 1 | G26: =COUNTIFS(MatchTeamStats!$F$2:$F$209,$A26,MatchTeamStats!$L$2:$L$209,"Draw") -> 1 | H26: =COUNTIFS(MatchTeamStats!$F$2:$F$209,$A26,MatchTeamStats!$L$2:$L$209,"Loss") -> 2 | I26: =SUMIFS(MatchTeamStats!$J$2:$J$209,MatchTeamStats!$F$2:$F$209,$A26) -> 5 | J26: =SUMIFS(MatchTeamStats!$K$2:$K$209,MatchTeamStats!$F$2:$F$209,$A26) -> 5 | K26: =I26-J26 -> 0 | L26: =SUMIFS(MatchTeamStats!$V$2:$V$209,MatchTeamStats!$F$2:$F$209,$A26) -> 4 | M26: =IFERROR(F26/E26,0) -> 0.25 | O26: 11 | P26: 121 | Q26: =IFERROR(INDEX(Players!$B$2:$B$1249,MATCH($P26,Players!$A$2:$A$1249,0)),"") -> Charles De Ketelaere | R26: =IFERROR(INDEX(Players!$D$2:$D$1249,MATCH($P26,Players!$A$2:$A$1249,0)),"") -> Belgium | S26: =IFERROR(INDEX(Players!$E$2:$E$1249,MATCH($P26,Players!$A$2:$A$1249,0)),"") -> FW | T26: =COUNTIF(Goals!$C$2:$C$309,$P26) -> 3 | V26: CAF | W26: =COUNTIF($C$4:$C$51,$V26) -> 10 | X26: =SUMIF($C$4:$C$51,$V26,$F$4:$F$51) -> 11 | Y26: =SUMIF($C$4:$C$51,$V26,$I$4:$I$51) -> 53 | Z26: =SUMIF($C$4:$C$51,$V26,$L$4:$L$51) -> 45
A27: 29 | B27: =IFERROR(INDEX(Teams!$B$2:$B$49,MATCH($A27,Teams!$A$2:$A$49,0)),"") -> Ghana | C27: =IFERROR(INDEX(Teams!$D$2:$D$49,MATCH($A27,Teams!$A$2:$A$49,0)),"") -> CAF | D27: =IFERROR(INDEX(Teams!$E$2:$E$49,MATCH($A27,Teams!$A$2:$A$49,0)),"") -> Group L | E27: =COUNTIF(MatchTeamStats!$F$2:$F$209,$A27) -> 4 | F27: =COUNTIFS(MatchTeamStats!$F$2:$F$209,$A27,MatchTeamStats!$L$2:$L$209,"Win") -> 1 | G27: =COUNTIFS(MatchTeamStats!$F$2:$F$209,$A27,MatchTeamStats!$L$2:$L$209,"Draw") -> 1 | H27: =COUNTIFS(MatchTeamStats!$F$2:$F$209,$A27,MatchTeamStats!$L$2:$L$209,"Loss") -> 2 | I27: =SUMIFS(MatchTeamStats!$J$2:$J$209,MatchTeamStats!$F$2:$F$209,$A27) -> 2 | J27: =SUMIFS(MatchTeamStats!$K$2:$K$209,MatchTeamStats!$F$2:$F$209,$A27) -> 3 | K27: =I27-J27 -> -1 | L27: =SUMIFS(MatchTeamStats!$V$2:$V$209,MatchTeamStats!$F$2:$F$209,$A27) -> 4 | M27: =IFERROR(F27/E27,0) -> 0.25 | O27: 12 | P27: 113 | Q27: =IFERROR(INDEX(Players!$B$2:$B$1249,MATCH($P27,Players!$A$2:$A$1249,0)),"") -> Romelu Lukaku | R27: =IFERROR(INDEX(Players!$D$2:$D$1249,MATCH($P27,Players!$A$2:$A$1249,0)),"") -> Belgium | S27: =IFERROR(INDEX(Players!$E$2:$E$1249,MATCH($P27,Players!$A$2:$A$1249,0)),"") -> FW | T27: =COUNTIF(Goals!$C$2:$C$309,$P27) -> 3 | V27: AFC | W27: =COUNTIF($C$4:$C$51,$V27) -> 9 | X27: =SUMIF($C$4:$C$51,$V27,$F$4:$F$51) -> 3 | Y27: =SUMIF($C$4:$C$51,$V27,$I$4:$I$51) -> 25 | Z27: =SUMIF($C$4:$C$51,$V27,$L$4:$L$51) -> 19
A28: 24 | B28: =IFERROR(INDEX(Teams!$B$2:$B$49,MATCH($A28,Teams!$A$2:$A$49,0)),"") -> South Africa | C28: =IFERROR(INDEX(Teams!$D$2:$D$49,MATCH($A28,Teams!$A$2:$A$49,0)),"") -> CAF | D28: =IFERROR(INDEX(Teams!$E$2:$E$49,MATCH($A28,Teams!$A$2:$A$49,0)),"") -> Group A | E28: =COUNTIF(MatchTeamStats!$F$2:$F$209,$A28) -> 4 | F28: =COUNTIFS(MatchTeamStats!$F$2:$F$209,$A28,MatchTeamStats!$L$2:$L$209,"Win") -> 1 | G28: =COUNTIFS(MatchTeamStats!$F$2:$F$209,$A28,MatchTeamStats!$L$2:$L$209,"Draw") -> 1 | H28: =COUNTIFS(MatchTeamStats!$F$2:$F$209,$A28,MatchTeamStats!$L$2:$L$209,"Loss") -> 2 | I28: =SUMIFS(MatchTeamStats!$J$2:$J$209,MatchTeamStats!$F$2:$F$209,$A28) -> 2 | J28: =SUMIFS(MatchTeamStats!$K$2:$K$209,MatchTeamStats!$F$2:$F$209,$A28) -> 4 | K28: =I28-J28 -> -2 | L28: =SUMIFS(MatchTeamStats!$V$2:$V$209,MatchTeamStats!$F$2:$F$209,$A28) -> 4 | M28: =IFERROR(F28/E28,0) -> 0.25 | O28: 13 | P28: 165 | Q28: =IFERROR(INDEX(Players!$B$2:$B$1249,MATCH($P28,Players!$A$2:$A$1249,0)),"") -> Matheus Cunha | R28: =IFERROR(INDEX(Players!$D$2:$D$1249,MATCH($P28,Players!$A$2:$A$1249,0)),"") -> Brazil | S28: =IFERROR(INDEX(Players!$E$2:$E$1249,MATCH($P28,Players!$A$2:$A$1249,0)),"") -> FW | T28: =COUNTIF(Goals!$C$2:$C$309,$P28) -> 3 | V28: CONMEBOL | W28: =COUNTIF($C$4:$C$51,$V28) -> 6 | X28: =SUMIF($C$4:$C$51,$V28,$F$4:$F$51) -> 15 | Y28: =SUMIF($C$4:$C$51,$V28,$I$4:$I$51) -> 42 | Z28: =SUMIF($C$4:$C$51,$V28,$L$4:$L$51) -> 53
A29: 28 | B29: =IFERROR(INDEX(Teams!$B$2:$B$49,MATCH($A29,Teams!$A$2:$A$49,0)),"") -> Ecuador | C29: =IFERROR(INDEX(Teams!$D$2:$D$49,MATCH($A29,Teams!$A$2:$A$49,0)),"") -> CONMEBOL | D29: =IFERROR(INDEX(Teams!$E$2:$E$49,MATCH($A29,Teams!$A$2:$A$49,0)),"") -> Group E | E29: =COUNTIF(MatchTeamStats!$F$2:$F$209,$A29) -> 4 | F29: =COUNTIFS(MatchTeamStats!$F$2:$F$209,$A29,MatchTeamStats!$L$2:$L$209,"Win") -> 1 | G29: =COUNTIFS(MatchTeamStats!$F$2:$F$209,$A29,MatchTeamStats!$L$2:$L$209,"Draw") -> 1 | H29: =COUNTIFS(MatchTeamStats!$F$2:$F$209,$A29,MatchTeamStats!$L$2:$L$209,"Loss") -> 2 | I29: =SUMIFS(MatchTeamStats!$J$2:$J$209,MatchTeamStats!$F$2:$F$209,$A29) -> 2 | J29: =SUMIFS(MatchTeamStats!$K$2:$K$209,MatchTeamStats!$F$2:$F$209,$A29) -> 4 | K29: =I29-J29 -> -2 | L29: =SUMIFS(MatchTeamStats!$V$2:$V$209,MatchTeamStats!$F$2:$F$209,$A29) -> 4 | M29: =IFERROR(F29/E29,0) -> 0.25 | O29: 14 | P29: 48 | Q29: =IFERROR(INDEX(Players!$B$2:$B$1249,MATCH($P29,Players!$A$2:$A$1249,0)),"") -> Lautaro Martinez | R29: =IFERROR(INDEX(Players!$D$2:$D$1249,MATCH($P29,Players!$A$2:$A$1249,0)),"") -> Argentina | S29: =IFERROR(INDEX(Players!$E$2:$E$1249,MATCH($P29,Players!$A$2:$A$1249,0)),"") -> FW | T29: =COUNTIF(Goals!$C$2:$C$309,$P29) -> 3 | V29: CONCACAF | W29: =COUNTIF($C$4:$C$51,$V29) -> 6 | X29: =SUMIF($C$4:$C$51,$V29,$F$4:$F$51) -> 9 | Y29: =SUMIF($C$4:$C$51,$V29,$I$4:$I$51) -> 33 | Z29: =SUMIF($C$4:$C$51,$V29,$L$4:$L$51) -> 29
A30: 14 | B30: =IFERROR(INDEX(Teams!$B$2:$B$49,MATCH($A30,Teams!$A$2:$A$49,0)),"") -> Austria | C30: =IFERROR(INDEX(Teams!$D$2:$D$49,MATCH($A30,Teams!$A$2:$A$49,0)),"") -> UEFA | D30: =IFERROR(INDEX(Teams!$E$2:$E$49,MATCH($A30,Teams!$A$2:$A$49,0)),"") -> Group J | E30: =COUNTIF(MatchTeamStats!$F$2:$F$209,$A30) -> 4 | F30: =COUNTIFS(MatchTeamStats!$F$2:$F$209,$A30,MatchTeamStats!$L$2:$L$209,"Win") -> 1 | G30: =COUNTIFS(MatchTeamStats!$F$2:$F$209,$A30,MatchTeamStats!$L$2:$L$209,"Draw") -> 1 | H30: =COUNTIFS(MatchTeamStats!$F$2:$F$209,$A30,MatchTeamStats!$L$2:$L$209,"Loss") -> 2 | I30: =SUMIFS(MatchTeamStats!$J$2:$J$209,MatchTeamStats!$F$2:$F$209,$A30) -> 6 | J30: =SUMIFS(MatchTeamStats!$K$2:$K$209,MatchTeamStats!$F$2:$F$209,$A30) -> 9 | K30: =I30-J30 -> -3 | L30: =SUMIFS(MatchTeamStats!$V$2:$V$209,MatchTeamStats!$F$2:$F$209,$A30) -> 4 | M30: =IFERROR(F30/E30,0) -> 0.25 | O30: 15 | P30: 480 | Q30: =IFERROR(INDEX(Players!$B$2:$B$1249,MATCH($P30,Players!$A$2:$A$1249,0)),"") -> Bradley Barcola | R30: =IFERROR(INDEX(Players!$D$2:$D$1249,MATCH($P30,Players!$A$2:$A$1249,0)),"") -> France | S30: =IFERROR(INDEX(Players!$E$2:$E$1249,MATCH($P30,Players!$A$2:$A$1249,0)),"") -> FW | T30: =COUNTIF(Goals!$C$2:$C$309,$P30) -> 3 | V30: OFC | W30: =COUNTIF($C$4:$C$51,$V30) -> 1 | X30: =SUMIF($C$4:$C$51,$V30,$F$4:$F$51) -> 0 | Y30: =SUMIF($C$4:$C$51,$V30,$I$4:$I$51) -> 4 | Z30: =SUMIF($C$4:$C$51,$V30,$L$4:$L$51) -> 1
A31: 26 | B31: =IFERROR(INDEX(Teams!$B$2:$B$49,MATCH($A31,Teams!$A$2:$A$49,0)),"") -> Bosnia and Herzegovina | C31: =IFERROR(INDEX(Teams!$D$2:$D$49,MATCH($A31,Teams!$A$2:$A$49,0)),"") -> UEFA | D31: =IFERROR(INDEX(Teams!$E$2:$E$49,MATCH($A31,Teams!$A$2:$A$49,0)),"") -> Group B | E31: =COUNTIF(MatchTeamStats!$F$2:$F$209,$A31) -> 4 | F31: =COUNTIFS(MatchTeamStats!$F$2:$F$209,$A31,MatchTeamStats!$L$2:$L$209,"Win") -> 1 | G31: =COUNTIFS(MatchTeamStats!$F$2:$F$209,$A31,MatchTeamStats!$L$2:$L$209,"Draw") -> 1 | H31: =COUNTIFS(MatchTeamStats!$F$2:$F$209,$A31,MatchTeamStats!$L$2:$L$209,"Loss") -> 2 | I31: =SUMIFS(MatchTeamStats!$J$2:$J$209,MatchTeamStats!$F$2:$F$209,$A31) -> 5 | J31: =SUMIFS(MatchTeamStats!$K$2:$K$209,MatchTeamStats!$F$2:$F$209,$A31) -> 8 | K31: =I31-J31 -> -3 | L31: =SUMIFS(MatchTeamStats!$V$2:$V$209,MatchTeamStats!$F$2:$F$209,$A31) -> 4 | M31: =IFERROR(F31/E31,0) -> 0.25
A32: 35 | B32: =IFERROR(INDEX(Teams!$B$2:$B$49,MATCH($A32,Teams!$A$2:$A$49,0)),"") -> Sweden | C32: =IFERROR(INDEX(Teams!$D$2:$D$49,MATCH($A32,Teams!$A$2:$A$49,0)),"") -> UEFA | D32: =IFERROR(INDEX(Teams!$E$2:$E$49,MATCH($A32,Teams!$A$2:$A$49,0)),"") -> Group F | E32: =COUNTIF(MatchTeamStats!$F$2:$F$209,$A32) -> 4 | F32: =COUNTIFS(MatchTeamStats!$F$2:$F$209,$A32,MatchTeamStats!$L$2:$L$209,"Win") -> 1 | G32: =COUNTIFS(MatchTeamStats!$F$2:$F$209,$A32,MatchTeamStats!$L$2:$L$209,"Draw") -> 1 | H32: =COUNTIFS(MatchTeamStats!$F$2:$F$209,$A32,MatchTeamStats!$L$2:$L$209,"Loss") -> 2 | I32: =SUMIFS(MatchTeamStats!$J$2:$J$209,MatchTeamStats!$F$2:$F$209,$A32) -> 7 | J32: =SUMIFS(MatchTeamStats!$K$2:$K$209,MatchTeamStats!$F$2:$F$209,$A32) -> 10 | K32: =I32-J32 -> -3 | L32: =SUMIFS(MatchTeamStats!$V$2:$V$209,MatchTeamStats!$F$2:$F$209,$A32) -> 4 | M32: =IFERROR(F32/E32,0) -> 0.25
A33: 25 | B33: =IFERROR(INDEX(Teams!$B$2:$B$49,MATCH($A33,Teams!$A$2:$A$49,0)),"") -> Algeria | C33: =IFERROR(INDEX(Teams!$D$2:$D$49,MATCH($A33,Teams!$A$2:$A$49,0)),"") -> CAF | D33: =IFERROR(INDEX(Teams!$E$2:$E$49,MATCH($A33,Teams!$A$2:$A$49,0)),"") -> Group J | E33: =COUNTIF(MatchTeamStats!$F$2:$F$209,$A33) -> 4 | F33: =COUNTIFS(MatchTeamStats!$F$2:$F$209,$A33,MatchTeamStats!$L$2:$L$209,"Win") -> 1 | G33: =COUNTIFS(MatchTeamStats!$F$2:$F$209,$A33,MatchTeamStats!$L$2:$L$209,"Draw") -> 1 | H33: =COUNTIFS(MatchTeamStats!$F$2:$F$209,$A33,MatchTeamStats!$L$2:$L$209,"Loss") -> 2 | I33: =SUMIFS(MatchTeamStats!$J$2:$J$209,MatchTeamStats!$F$2:$F$209,$A33) -> 5 | J33: =SUMIFS(MatchTeamStats!$K$2:$K$209,MatchTeamStats!$F$2:$F$209,$A33) -> 9 | K33: =I33-J33 -> -4 | L33: =SUMIFS(MatchTeamStats!$V$2:$V$209,MatchTeamStats!$F$2:$F$209,$A33) -> 4 | M33: =IFERROR(F33/E33,0) -> 0.25
A34: 34 | B34: =IFERROR(INDEX(Teams!$B$2:$B$49,MATCH($A34,Teams!$A$2:$A$49,0)),"") -> Senegal | C34: =IFERROR(INDEX(Teams!$D$2:$D$49,MATCH($A34,Teams!$A$2:$A$49,0)),"") -> CAF | D34: =IFERROR(INDEX(Teams!$E$2:$E$49,MATCH($A34,Teams!$A$2:$A$49,0)),"") -> Group I | E34: =COUNTIF(MatchTeamStats!$F$2:$F$209,$A34) -> 4 | F34: =COUNTIFS(MatchTeamStats!$F$2:$F$209,$A34,MatchTeamStats!$L$2:$L$209,"Win") -> 1 | G34: =COUNTIFS(MatchTeamStats!$F$2:$F$209,$A34,MatchTeamStats!$L$2:$L$209,"Draw") -> 0 | H34: =COUNTIFS(MatchTeamStats!$F$2:$F$209,$A34,MatchTeamStats!$L$2:$L$209,"Loss") -> 3 | I34: =SUMIFS(MatchTeamStats!$J$2:$J$209,MatchTeamStats!$F$2:$F$209,$A34) -> 10 | J34: =SUMIFS(MatchTeamStats!$K$2:$K$209,MatchTeamStats!$F$2:$F$209,$A34) -> 9 | K34: =I34-J34 -> 1 | L34: =SUMIFS(MatchTeamStats!$V$2:$V$209,MatchTeamStats!$F$2:$F$209,$A34) -> 3 | M34: =IFERROR(F34/E34,0) -> 0.25
A35: 30 | B35: =IFERROR(INDEX(Teams!$B$2:$B$49,MATCH($A35,Teams!$A$2:$A$49,0)),"") -> IR Iran | C35: =IFERROR(INDEX(Teams!$D$2:$D$49,MATCH($A35,Teams!$A$2:$A$49,0)),"") -> AFC | D35: =IFERROR(INDEX(Teams!$E$2:$E$49,MATCH($A35,Teams!$A$2:$A$49,0)),"") -> Group G | E35: =COUNTIF(MatchTeamStats!$F$2:$F$209,$A35) -> 3 | F35: =COUNTIFS(MatchTeamStats!$F$2:$F$209,$A35,MatchTeamStats!$L$2:$L$209,"Win") -> 0 | G35: =COUNTIFS(MatchTeamStats!$F$2:$F$209,$A35,MatchTeamStats!$L$2:$L$209,"Draw") -> 3 | H35: =COUNTIFS(MatchTeamStats!$F$2:$F$209,$A35,MatchTeamStats!$L$2:$L$209,"Loss") -> 0 | I35: =SUMIFS(MatchTeamStats!$J$2:$J$209,MatchTeamStats!$F$2:$F$209,$A35) -> 3 | J35: =SUMIFS(MatchTeamStats!$K$2:$K$209,MatchTeamStats!$F$2:$F$209,$A35) -> 3 | K35: =I35-J35 -> 0 | L35: =SUMIFS(MatchTeamStats!$V$2:$V$209,MatchTeamStats!$F$2:$F$209,$A35) -> 3 | M35: =IFERROR(F35/E35,0) -> 0
A36: 15 | B36: =IFERROR(INDEX(Teams!$B$2:$B$49,MATCH($A36,Teams!$A$2:$A$49,0)),"") -> Cabo Verde | C36: =IFERROR(INDEX(Teams!$D$2:$D$49,MATCH($A36,Teams!$A$2:$A$49,0)),"") -> CAF | D36: =IFERROR(INDEX(Teams!$E$2:$E$49,MATCH($A36,Teams!$A$2:$A$49,0)),"") -> Group H | E36: =COUNTIF(MatchTeamStats!$F$2:$F$209,$A36) -> 4 | F36: =COUNTIFS(MatchTeamStats!$F$2:$F$209,$A36,MatchTeamStats!$L$2:$L$209,"Win") -> 0 | G36: =COUNTIFS(MatchTeamStats!$F$2:$F$209,$A36,MatchTeamStats!$L$2:$L$209,"Draw") -> 3 | H36: =COUNTIFS(MatchTeamStats!$F$2:$F$209,$A36,MatchTeamStats!$L$2:$L$209,"Loss") -> 1 | I36: =SUMIFS(MatchTeamStats!$J$2:$J$209,MatchTeamStats!$F$2:$F$209,$A36) -> 4 | J36: =SUMIFS(MatchTeamStats!$K$2:$K$209,MatchTeamStats!$F$2:$F$209,$A36) -> 5 | K36: =I36-J36 -> -1 | L36: =SUMIFS(MatchTeamStats!$V$2:$V$209,MatchTeamStats!$F$2:$F$209,$A36) -> 3 | M36: =IFERROR(F36/E36,0) -> 0
A37: 31 | B37: =IFERROR(INDEX(Teams!$B$2:$B$49,MATCH($A37,Teams!$A$2:$A$49,0)),"") -> Korea Republic | C37: =IFERROR(INDEX(Teams!$D$2:$D$49,MATCH($A37,Teams!$A$2:$A$49,0)),"") -> AFC | D37: =IFERROR(INDEX(Teams!$E$2:$E$49,MATCH($A37,Teams!$A$2:$A$49,0)),"") -> Group A | E37: =COUNTIF(MatchTeamStats!$F$2:$F$209,$A37) -> 3 | F37: =COUNTIFS(MatchTeamStats!$F$2:$F$209,$A37,MatchTeamStats!$L$2:$L$209,"Win") -> 1 | G37: =COUNTIFS(MatchTeamStats!$F$2:$F$209,$A37,MatchTeamStats!$L$2:$L$209,"Draw") -> 0 | H37: =COUNTIFS(MatchTeamStats!$F$2:$F$209,$A37,MatchTeamStats!$L$2:$L$209,"Loss") -> 2 | I37: =SUMIFS(MatchTeamStats!$J$2:$J$209,MatchTeamStats!$F$2:$F$209,$A37) -> 2 | J37: =SUMIFS(MatchTeamStats!$K$2:$K$209,MatchTeamStats!$F$2:$F$209,$A37) -> 3 | K37: =I37-J37 -> -1 | L37: =SUMIFS(MatchTeamStats!$V$2:$V$209,MatchTeamStats!$F$2:$F$209,$A37) -> 3 | M37: =IFERROR(F37/E37,0) -> 0.33333333
A38: 47 | B38: =IFERROR(INDEX(Teams!$B$2:$B$49,MATCH($A38,Teams!$A$2:$A$49,0)),"") -> Türkiye | C38: =IFERROR(INDEX(Teams!$D$2:$D$49,MATCH($A38,Teams!$A$2:$A$49,0)),"") -> UEFA | D38: =IFERROR(INDEX(Teams!$E$2:$E$49,MATCH($A38,Teams!$A$2:$A$49,0)),"") -> Group D | E38: =COUNTIF(MatchTeamStats!$F$2:$F$209,$A38) -> 3 | F38: =COUNTIFS(MatchTeamStats!$F$2:$F$209,$A38,MatchTeamStats!$L$2:$L$209,"Win") -> 1 | G38: =COUNTIFS(MatchTeamStats!$F$2:$F$209,$A38,MatchTeamStats!$L$2:$L$209,"Draw") -> 0 | H38: =COUNTIFS(MatchTeamStats!$F$2:$F$209,$A38,MatchTeamStats!$L$2:$L$209,"Loss") -> 2 | I38: =SUMIFS(MatchTeamStats!$J$2:$J$209,MatchTeamStats!$F$2:$F$209,$A38) -> 3 | J38: =SUMIFS(MatchTeamStats!$K$2:$K$209,MatchTeamStats!$F$2:$F$209,$A38) -> 5 | K38: =I38-J38 -> -2 | L38: =SUMIFS(MatchTeamStats!$V$2:$V$209,MatchTeamStats!$F$2:$F$209,$A38) -> 3 | M38: =IFERROR(F38/E38,0) -> 0.33333333
A39: 33 | B39: =IFERROR(INDEX(Teams!$B$2:$B$49,MATCH($A39,Teams!$A$2:$A$49,0)),"") -> Scotland | C39: =IFERROR(INDEX(Teams!$D$2:$D$49,MATCH($A39,Teams!$A$2:$A$49,0)),"") -> UEFA | D39: =IFERROR(INDEX(Teams!$E$2:$E$49,MATCH($A39,Teams!$A$2:$A$49,0)),"") -> Group C | E39: =COUNTIF(MatchTeamStats!$F$2:$F$209,$A39) -> 3 | F39: =COUNTIFS(MatchTeamStats!$F$2:$F$209,$A39,MatchTeamStats!$L$2:$L$209,"Win") -> 1 | G39: =COUNTIFS(MatchTeamStats!$F$2:$F$209,$A39,MatchTeamStats!$L$2:$L$209,"Draw") -> 0 | H39: =COUNTIFS(MatchTeamStats!$F$2:$F$209,$A39,MatchTeamStats!$L$2:$L$209,"Loss") -> 2 | I39: =SUMIFS(MatchTeamStats!$J$2:$J$209,MatchTeamStats!$F$2:$F$209,$A39) -> 1 | J39: =SUMIFS(MatchTeamStats!$K$2:$K$209,MatchTeamStats!$F$2:$F$209,$A39) -> 4 | K39: =I39-J39 -> -3 | L39: =SUMIFS(MatchTeamStats!$V$2:$V$209,MatchTeamStats!$F$2:$F$209,$A39) -> 3 | M39: =IFERROR(F39/E39,0) -> 0.33333333
A40: 36 | B40: =IFERROR(INDEX(Teams!$B$2:$B$49,MATCH($A40,Teams!$A$2:$A$49,0)),"") -> Uruguay | C40: =IFERROR(INDEX(Teams!$D$2:$D$49,MATCH($A40,Teams!$A$2:$A$49,0)),"") -> CONMEBOL | D40: =IFERROR(INDEX(Teams!$E$2:$E$49,MATCH($A40,Teams!$A$2:$A$49,0)),"") -> Group H | E40: =COUNTIF(MatchTeamStats!$F$2:$F$209,$A40) -> 3 | F40: =COUNTIFS(MatchTeamStats!$F$2:$F$209,$A40,MatchTeamStats!$L$2:$L$209,"Win") -> 0 | G40: =COUNTIFS(MatchTeamStats!$F$2:$F$209,$A40,MatchTeamStats!$L$2:$L$209,"Draw") -> 2 | H40: =COUNTIFS(MatchTeamStats!$F$2:$F$209,$A40,MatchTeamStats!$L$2:$L$209,"Loss") -> 1 | I40: =SUMIFS(MatchTeamStats!$J$2:$J$209,MatchTeamStats!$F$2:$F$209,$A40) -> 3 | J40: =SUMIFS(MatchTeamStats!$K$2:$K$209,MatchTeamStats!$F$2:$F$209,$A40) -> 4 | K40: =I40-J40 -> -1 | L40: =SUMIFS(MatchTeamStats!$V$2:$V$209,MatchTeamStats!$F$2:$F$209,$A40) -> 2 | M40: =IFERROR(F40/E40,0) -> 0
A41: 45 | B41: =IFERROR(INDEX(Teams!$B$2:$B$49,MATCH($A41,Teams!$A$2:$A$49,0)),"") -> Saudi Arabia | C41: =IFERROR(INDEX(Teams!$D$2:$D$49,MATCH($A41,Teams!$A$2:$A$49,0)),"") -> AFC | D41: =IFERROR(INDEX(Teams!$E$2:$E$49,MATCH($A41,Teams!$A$2:$A$49,0)),"") -> Group H | E41: =COUNTIF(MatchTeamStats!$F$2:$F$209,$A41) -> 3 | F41: =COUNTIFS(MatchTeamStats!$F$2:$F$209,$A41,MatchTeamStats!$L$2:$L$209,"Win") -> 0 | G41: =COUNTIFS(MatchTeamStats!$F$2:$F$209,$A41,MatchTeamStats!$L$2:$L$209,"Draw") -> 2 | H41: =COUNTIFS(MatchTeamStats!$F$2:$F$209,$A41,MatchTeamStats!$L$2:$L$209,"Loss") -> 1 | I41: =SUMIFS(MatchTeamStats!$J$2:$J$209,MatchTeamStats!$F$2:$F$209,$A41) -> 1 | J41: =SUMIFS(MatchTeamStats!$K$2:$K$209,MatchTeamStats!$F$2:$F$209,$A41) -> 5 | K41: =I41-J41 -> -4 | L41: =SUMIFS(MatchTeamStats!$V$2:$V$209,MatchTeamStats!$F$2:$F$209,$A41) -> 2 | M41: =IFERROR(F41/E41,0) -> 0
A42: 38 | B42: =IFERROR(INDEX(Teams!$B$2:$B$49,MATCH($A42,Teams!$A$2:$A$49,0)),"") -> Czechia | C42: =IFERROR(INDEX(Teams!$D$2:$D$49,MATCH($A42,Teams!$A$2:$A$49,0)),"") -> UEFA | D42: =IFERROR(INDEX(Teams!$E$2:$E$49,MATCH($A42,Teams!$A$2:$A$49,0)),"") -> Group A | E42: =COUNTIF(MatchTeamStats!$F$2:$F$209,$A42) -> 3 | F42: =COUNTIFS(MatchTeamStats!$F$2:$F$209,$A42,MatchTeamStats!$L$2:$L$209,"Win") -> 0 | G42: =COUNTIFS(MatchTeamStats!$F$2:$F$209,$A42,MatchTeamStats!$L$2:$L$209,"Draw") -> 1 | H42: =COUNTIFS(MatchTeamStats!$F$2:$F$209,$A42,MatchTeamStats!$L$2:$L$209,"Loss") -> 2 | I42: =SUMIFS(MatchTeamStats!$J$2:$J$209,MatchTeamStats!$F$2:$F$209,$A42) -> 2 | J42: =SUMIFS(MatchTeamStats!$K$2:$K$209,MatchTeamStats!$F$2:$F$209,$A42) -> 6 | K42: =I42-J42 -> -4 | L42: =SUMIFS(MatchTeamStats!$V$2:$V$209,MatchTeamStats!$F$2:$F$209,$A42) -> 1 | M42: =IFERROR(F42/E42,0) -> 0
... A51: 40 | B51: =IFERROR(INDEX(Teams!$B$2:$B$49,MATCH($A51,Teams!$A$2:$A$49,0)),"") -> Iraq | C51: =IFERROR(INDEX(Teams!$D$2:$D$49,MATCH($A51,Teams!$A$2:$A$49,0)),"") -> AFC | D51: =IFERROR(INDEX(Teams!$E$2:$E$49,MATCH($A51,Teams!$A$2:$A$49,0)),"") -> Group I | E51: =COUNTIF(MatchTeamStats!$F$2:$F$209,$A51) -> 3 | F51: =COUNTIFS(MatchTeamStats!$F$2:$F$209,$A51,MatchTeamStats!$L$2:$L$209,"Win") -> 0 | G51: =COUNTIFS(MatchTeamStats!$F$2:$F$209,$A51,MatchTeamStats!$L$2:$L$209,"Draw") -> 0 | H51: =COUNTIFS(MatchTeamStats!$F$2:$F$209,$A51,MatchTeamStats!$L$2:$L$209,"Loss") -> 3 | I51: =SUMIFS(MatchTeamStats!$J$2:$J$209,MatchTeamStats!$F$2:$F$209,$A51) -> 1 | J51: =SUMIFS(MatchTeamStats!$K$2:$K$209,MatchTeamStats!$F$2:$F$209,$A51) -> 12 | K51: =I51-J51 -> -11 | L51: =SUMIFS(MatchTeamStats!$V$2:$V$209,MatchTeamStats!$F$2:$F$209,$A51) -> 0 | M51: =IFERROR(F51/E51,0) -> 0

Sheet Teams
A1: TeamID | B1: TeamName | C1: CountryCode | D1: Confederation | E1: GroupName | F1: HostCountry
A2: 1 | B2: Argentina | C2: ARG | D2: CONMEBOL | E2: Group J
A3: 2 | B3: Belgium | C3: BEL | D3: UEFA | E3: Group G
A4: 3 | B4: Brazil | C4: BRA | D4: CONMEBOL | E4: Group C
A5: 4 | B5: Colombia | C5: COL | D5: CONMEBOL | E5: Group K
A6: 5 | B6: England | C6: ENG | D6: UEFA | E6: Group L
A7: 6 | B7: France | C7: FRA | D7: UEFA | E7: Group I
A8: 7 | B8: Germany | C8: GER | D8: UEFA | E8: Group E
A9: 8 | B9: Mexico | C9: MEX | D9: CONCACAF | E9: Group A | F9: Mexico
A10: 9 | B10: Netherlands | C10: NED | D10: UEFA | E10: Group F
A11: 10 | B11: Spain | C11: ESP | D11: UEFA | E11: Group H
A12: 11 | B12: Switzerland | C12: SUI | D12: UEFA | E12: Group B
A13: 12 | B13: USA | C13: USA | D13: CONCACAF | E13: Group D | F13: United States
A14: 13 | B14: Australia | C14: AUS | D14: AFC | E14: Group D
A15: 14 | B15: Austria | C15: AUT | D15: UEFA | E15: Group J
A16: 15 | B16: Cabo Verde | C16: CPV | D16: CAF | E16: Group H
A17: 16 | B17: Canada | C17: CAN | D17: CONCACAF | E17: Group B | F17: Canada
A18: 17 | B18: Côte d'Ivoire | C18: CIV | D18: CAF | E18: Group E
A19: 18 | B19: Croatia | C19: CRO | D19: UEFA | E19: Group L
A20: 19 | B20: Egypt | C20: EGY | D20: CAF | E20: Group G
A21: 20 | B21: Japan | C21: JPN | D21: AFC | E21: Group F
A22: 21 | B22: Morocco | C22: MAR | D22: CAF | E22: Group C
A23: 22 | B23: Norway | C23: NOR | D23: UEFA | E23: Group I
A24: 23 | B24: Portugal | C24: POR | D24: UEFA | E24: Group K
A25: 24 | B25: South Africa | C25: RSA | D25: CAF | E25: Group A
A26: 25 | B26: Algeria | C26: ALG | D26: CAF | E26: Group J
A27: 26 | B27: Bosnia and Herzegovina | C27: BIH | D27: UEFA | E27: Group B
A28: 27 | B28: Congo DR | C28: COD | D28: CAF | E28: Group K
A29: 28 | B29: Ecuador | C29: ECU | D29: CONMEBOL | E29: Group E
... A49: 48 | B49: Uzbekistan | C49: UZB | D49: AFC | E49: Group K

Sheet Matches
A1: MatchID | B1: MatchDate | C1: Stage | D1: GroupName | E1: StadiumID | F1: StadiumName | G1: Team1ID | H1: Team1Name | I1: Team2ID | J1: Team2Name | K1: Team1Goals | L1: Team2Goals | M1: WinnerTeamID | N1: WinnerName | O1: Result | P1: TotalGoals | Q1: GoalDifference
A2: 1 | B2: 2026-06-11 | C2: First Stage | D2: Group A | E2: 3 | F2: =IFERROR(INDEX(Stadiums!$B$2:$B$17,MATCH($E2,Stadiums!$A$2:$A$17,0)),"") -> Mexico City Stadium | G2: 8 | H2: =IFERROR(INDEX(Teams!$B$2:$B$49,MATCH($G2,Teams!$A$2:$A$49,0)),"") -> Mexico | I2: 24 | J2: =IFERROR(INDEX(Teams!$B$2:$B$49,MATCH($I2,Teams!$A$2:$A$49,0)),"") -> South Africa | K2: 2 | L2: 0 | M2: 8 | N2: =IFERROR(INDEX(Teams!$B$2:$B$49,MATCH($M2,Teams!$A$2:$A$49,0)),"Draw") -> Mexico | O2: W | P2: 2 | Q2: 2
A3: 2 | B3: 2026-06-11 | C3: First Stage | D3: Group A | E3: 4 | F3: =IFERROR(INDEX(Stadiums!$B$2:$B$17,MATCH($E3,Stadiums!$A$2:$A$17,0)),"") -> Guadalajara Stadium | G3: 31 | H3: =IFERROR(INDEX(Teams!$B$2:$B$49,MATCH($G3,Teams!$A$2:$A$49,0)),"") -> Korea Republic | I3: 38 | J3: =IFERROR(INDEX(Teams!$B$2:$B$49,MATCH($I3,Teams!$A$2:$A$49,0)),"") -> Czechia | K3: 2 | L3: 1 | M3: 31 | N3: =IFERROR(INDEX(Teams!$B$2:$B$49,MATCH($M3,Teams!$A$2:$A$49,0)),"Draw") -> Korea Republic | O3: W | P3: 3 | Q3: 1
A4: 3 | B4: 2026-06-12 | C4: First Stage | D4: Group B | E4: 1 | F4: =IFERROR(INDEX(Stadiums!$B$2:$B$17,MATCH($E4,Stadiums!$A$2:$A$17,0)),"") -> Toronto Stadium | G4: 16 | H4: =IFERROR(INDEX(Teams!$B$2:$B$49,MATCH($G4,Teams!$A$2:$A$49,0)),"") -> Canada | I4: 26 | J4: =IFERROR(INDEX(Teams!$B$2:$B$49,MATCH($I4,Teams!$A$2:$A$49,0)),"") -> Bosnia and Herzegovina | K4: 1 | L4: 1 | N4: =IFERROR(INDEX(Teams!$B$2:$B$49,MATCH($M4,Teams!$A$2:$A$49,0)),"Draw") -> Draw | O4: D | P4: 2 | Q4: 0
A5: 4 | B5: 2026-06-12 | C5: First Stage | D5: Group D | E5: 11 | F5: =IFERROR(INDEX(Stadiums!$B$2:$B$17,MATCH($E5,Stadiums!$A$2:$A$17,0)),"") -> Los Angeles Stadium | G5: 12 | H5: =IFERROR(INDEX(Teams!$B$2:$B$49,MATCH($G5,Teams!$A$2:$A$49,0)),"") -> USA | I5: 32 | J5: =IFERROR(INDEX(Teams!$B$2:$B$49,MATCH($I5,Teams!$A$2:$A$49,0)),"") -> Paraguay | K5: 4 | L5: 1 | M5: 12 | N5: =IFERROR(INDEX(Teams!$B$2:$B$49,MATCH($M5,Teams!$A$2:$A$49,0)),"Draw") -> USA | O5: W | P5: 5 | Q5: 3
A6: 5 | B6: 2026-06-13 | C6: First Stage | D6: Group C | E6: 7 | F6: =IFERROR(INDEX(Stadiums!$B$2:$B$17,MATCH($E6,Stadiums!$A$2:$A$17,0)),"") -> Boston Stadium | G6: 39 | H6: =IFERROR(INDEX(Teams!$B$2:$B$49,MATCH($G6,Teams!$A$2:$A$49,0)),"") -> Haiti | I6: 33 | J6: =IFERROR(INDEX(Teams!$B$2:$B$49,MATCH($I6,Teams!$A$2:$A$49,0)),"") -> Scotland | K6: 0 | L6: 1 | M6: 33 | N6: =IFERROR(INDEX(Teams!$B$2:$B$49,MATCH($M6,Teams!$A$2:$A$49,0)),"Draw") -> Scotland | O6: L | P6: 1 | Q6: 1
A7: 6 | B7: 2026-06-13 | C7: First Stage | D7: Group D | E7: 2 | F7: =IFERROR(INDEX(Stadiums!$B$2:$B$17,MATCH($E7,Stadiums!$A$2:$A$17,0)),"") -> BC Place Vancouver | G7: 13 | H7: =IFERROR(INDEX(Teams!$B$2:$B$49,MATCH($G7,Teams!$A$2:$A$49,0)),"") -> Australia | I7: 47 | J7: =IFERROR(INDEX(Teams!$B$2:$B$49,MATCH($I7,Teams!$A$2:$A$49,0)),"") -> Türkiye | K7: 2 | L7: 0 | M7: 13 | N7: =IFERROR(INDEX(Teams!$B$2:$B$49,MATCH($M7,Teams!$A$2:$A$49,0)),"Draw") -> Australia | O7: W | P7: 2 | Q7: 2
A8: 7 | B8: 2026-06-13 | C8: First Stage | D8: Group C | E8: 13 | F8: =IFERROR(INDEX(Stadiums!$B$2:$B$17,MATCH($E8,Stadiums!$A$2:$A$17,0)),"") -> New York New Jersey Stadium | G8: 3 | H8: =IFERROR(INDEX(Teams!$B$2:$B$49,MATCH($G8,Teams!$A$2:$A$49,0)),"") -> Brazil | I8: 21 | J8: =IFERROR(INDEX(Teams!$B$2:$B$49,MATCH($I8,Teams!$A$2:$A$49,0)),"") -> Morocco | K8: 1 | L8: 1 | N8: =IFERROR(INDEX(Teams!$B$2:$B$49,MATCH($M8,Teams!$A$2:$A$49,0)),"Draw") -> Draw | O8: D | P8: 2 | Q8: 0
A9: 8 | B9: 2026-06-13 | C9: First Stage | D9: Group B | E9: 15 | F9: =IFERROR(INDEX(Stadiums!$B$2:$B$17,MATCH($E9,Stadiums!$A$2:$A$17,0)),"") -> San Francisco Bay Area Stadium | G9: 44 | H9: =IFERROR(INDEX(Teams!$B$2:$B$49,MATCH($G9,Teams!$A$2:$A$49,0)),"") -> Qatar | I9: 11 | J9: =IFERROR(INDEX(Teams!$B$2:$B$49,MATCH($I9,Teams!$A$2:$A$49,0)),"") -> Switzerland | K9: 1 | L9: 1 | N9: =IFERROR(INDEX(Teams!$B$2:$B$49,MATCH($M9,Teams!$A$2:$A$49,0)),"Draw") -> Draw | O9: D | P9: 2 | Q9: 0
A10: 9 | B10: 2026-06-14 | C10: First Stage | D10: Group E | E10: 14 | F10: =IFERROR(INDEX(Stadiums!$B$2:$B$17,MATCH($E10,Stadiums!$A$2:$A$17,0)),"") -> Philadelphia Stadium | G10: 17 | H10: =IFERROR(INDEX(Teams!$B$2:$B$49,MATCH($G10,Teams!$A$2:$A$49,0)),"") -> Côte d'Ivoire | I10: 28 | J10: =IFERROR(INDEX(Teams!$B$2:$B$49,MATCH($I10,Teams!$A$2:$A$49,0)),"") -> Ecuador | K10: 1 | L10: 0 | M10: 17 | N10: =IFERROR(INDEX(Teams!$B$2:$B$49,MATCH($M10,Teams!$A$2:$A$49,0)),"Draw") -> Côte d'Ivoire | O10: W | P10: 1 | Q10: 1
A11: 10 | B11: 2026-06-14 | C11: First Stage | D11: Group E | E11: 9 | F11: =IFERROR(INDEX(Stadiums!$B$2:$B$17,MATCH($E11,Stadiums!$A$2:$A$17,0)),"") -> Houston Stadium | G11: 7 | H11: =IFERROR(INDEX(Teams!$B$2:$B$49,MATCH($G11,Teams!$A$2:$A$49,0)),"") -> Germany | I11: 37 | J11: =IFERROR(INDEX(Teams!$B$2:$B$49,MATCH($I11,Teams!$A$2:$A$49,0)),"") -> Curaçao | K11: 7 | L11: 1 | M11: 7 | N11: =IFERROR(INDEX(Teams!$B$2:$B$49,MATCH($M11,Teams!$A$2:$A$49,0)),"Draw") -> Germany | O11: W | P11: 8 | Q11: 6
A12: 11 | B12: 2026-06-14 | C12: First Stage | D12: Group F | E12: 8 | F12: =IFERROR(INDEX(Stadiums!$B$2:$B$17,MATCH($E12,Stadiums!$A$2:$A$17,0)),"") -> Dallas Stadium | G12: 9 | H12: =IFERROR(INDEX(Teams!$B$2:$B$49,MATCH($G12,Teams!$A$2:$A$49,0)),"") -> Netherlands | I12: 20 | J12: =IFERROR(INDEX(Teams!$B$2:$B$49,MATCH($I12,Teams!$A$2:$A$49,0)),"") -> Japan | K12: 2 | L12: 2 | N12: =IFERROR(INDEX(Teams!$B$2:$B$49,MATCH($M12,Teams!$A$2:$A$49,0)),"Draw") -> Draw | O12: D | P12: 4 | Q12: 0
A13: 12 | B13: 2026-06-14 | C13: First Stage | D13: Group F | E13: 5 | F13: =IFERROR(INDEX(Stadiums!$B$2:$B$17,MATCH($E13,Stadiums!$A$2:$A$17,0)),"") -> Estadio Monterrey | G13: 35 | H13: =IFERROR(INDEX(Teams!$B$2:$B$49,MATCH($G13,Teams!$A$2:$A$49,0)),"") -> Sweden | I13: 46 | J13: =IFERROR(INDEX(Teams!$B$2:$B$49,MATCH($I13,Teams!$A$2:$A$49,0)),"") -> Tunisia | K13: 5 | L13: 1 | M13: 35 | N13: =IFERROR(INDEX(Teams!$B$2:$B$49,MATCH($M13,Teams!$A$2:$A$49,0)),"Draw") -> Sweden | O13: W | P13: 6 | Q13: 4
A14: 13 | B14: 2026-06-15 | C14: First Stage | D14: Group H | E14: 12 | F14: =IFERROR(INDEX(Stadiums!$B$2:$B$17,MATCH($E14,Stadiums!$A$2:$A$17,0)),"") -> Miami Stadium | G14: 45 | H14: =IFERROR(INDEX(Teams!$B$2:$B$49,MATCH($G14,Teams!$A$2:$A$49,0)),"") -> Saudi Arabia | I14: 36 | J14: =IFERROR(INDEX(Teams!$B$2:$B$49,MATCH($I14,Teams!$A$2:$A$49,0)),"") -> Uruguay | K14: 1 | L14: 1 | N14: =IFERROR(INDEX(Teams!$B$2:$B$49,MATCH($M14,Teams!$A$2:$A$49,0)),"Draw") -> Draw | O14: D | P14: 2 | Q14: 0
A15: 14 | B15: 2026-06-15 | C15: First Stage | D15: Group H | E15: 6 | F15: =IFERROR(INDEX(Stadiums!$B$2:$B$17,MATCH($E15,Stadiums!$A$2:$A$17,0)),"") -> Atlanta Stadium | G15: 10 | H15: =IFERROR(INDEX(Teams!$B$2:$B$49,MATCH($G15,Teams!$A$2:$A$49,0)),"") -> Spain | I15: 15 | J15: =IFERROR(INDEX(Teams!$B$2:$B$49,MATCH($I15,Teams!$A$2:$A$49,0)),"") -> Cabo Verde | K15: 0 | L15: 0 | N15: =IFERROR(INDEX(Teams!$B$2:$B$49,MATCH($M15,Teams!$A$2:$A$49,0)),"Draw") -> Draw | O15: D | P15: 0 | Q15: 0
A16: 15 | B16: 2026-06-15 | C16: First Stage | D16: Group G | E16: 11 | F16: =IFERROR(INDEX(Stadiums!$B$2:$B$17,MATCH($E16,Stadiums!$A$2:$A$17,0)),"") -> Los Angeles Stadium | G16: 30 | H16: =IFERROR(INDEX(Teams!$B$2:$B$49,MATCH($G16,Teams!$A$2:$A$49,0)),"") -> IR Iran | I16: 42 | J16: =IFERROR(INDEX(Teams!$B$2:$B$49,MATCH($I16,Teams!$A$2:$A$49,0)),"") -> New Zealand | K16: 2 | L16: 2 | N16: =IFERROR(INDEX(Teams!$B$2:$B$49,MATCH($M16,Teams!$A$2:$A$49,0)),"Draw") -> Draw | O16: D | P16: 4 | Q16: 0
A17: 16 | B17: 2026-06-15 | C17: First Stage | D17: Group G | E17: 16 | F17: =IFERROR(INDEX(Stadiums!$B$2:$B$17,MATCH($E17,Stadiums!$A$2:$A$17,0)),"") -> Seattle Stadium | G17: 2 | H17: =IFERROR(INDEX(Teams!$B$2:$B$49,MATCH($G17,Teams!$A$2:$A$49,0)),"") -> Belgium | I17: 19 | J17: =IFERROR(INDEX(Teams!$B$2:$B$49,MATCH($I17,Teams!$A$2:$A$49,0)),"") -> Egypt | K17: 1 | L17: 1 | N17: =IFERROR(INDEX(Teams!$B$2:$B$49,MATCH($M17,Teams!$A$2:$A$49,0)),"Draw") -> Draw | O17: D | P17: 2 | Q17: 0
A18: 17 | B18: 2026-06-16 | C18: First Stage | D18: Group I | E18: 13 | F18: =IFERROR(INDEX(Stadiums!$B$2:$B$17,MATCH($E18,Stadiums!$A$2:$A$17,0)),"") -> New York New Jersey Stadium | G18: 6 | H18: =IFERROR(INDEX(Teams!$B$2:$B$49,MATCH($G18,Teams!$A$2:$A$49,0)),"") -> France | I18: 34 | J18: =IFERROR(INDEX(Teams!$B$2:$B$49,MATCH($I18,Teams!$A$2:$A$49,0)),"") -> Senegal | K18: 3 | L18: 1 | M18: 6 | N18: =IFERROR(INDEX(Teams!$B$2:$B$49,MATCH($M18,Teams!$A$2:$A$49,0)),"Draw") -> France | O18: W | P18: 4 | Q18: 2
A19: 18 | B19: 2026-06-16 | C19: First Stage | D19: Group I | E19: 7 | F19: =IFERROR(INDEX(Stadiums!$B$2:$B$17,MATCH($E19,Stadiums!$A$2:$A$17,0)),"") -> Boston Stadium | G19: 40 | H19: =IFERROR(INDEX(Teams!$B$2:$B$49,MATCH($G19,Teams!$A$2:$A$49,0)),"") -> Iraq | I19: 22 | J19: =IFERROR(INDEX(Teams!$B$2:$B$49,MATCH($I19,Teams!$A$2:$A$49,0)),"") -> Norway | K19: 1 | L19: 4 | M19: 22 | N19: =IFERROR(INDEX(Teams!$B$2:$B$49,MATCH($M19,Teams!$A$2:$A$49,0)),"Draw") -> Norway | O19: L | P19: 5 | Q19: 3
A20: 19 | B20: 2026-06-16 | C20: First Stage | D20: Group J | E20: 10 | F20: =IFERROR(INDEX(Stadiums!$B$2:$B$17,MATCH($E20,Stadiums!$A$2:$A$17,0)),"") -> Kansas City Stadium | G20: 1 | H20: =IFERROR(INDEX(Teams!$B$2:$B$49,MATCH($G20,Teams!$A$2:$A$49,0)),"") -> Argentina | I20: 25 | J20: =IFERROR(INDEX(Teams!$B$2:$B$49,MATCH($I20,Teams!$A$2:$A$49,0)),"") -> Algeria | K20: 3 | L20: 0 | M20: 1 | N20: =IFERROR(INDEX(Teams!$B$2:$B$49,MATCH($M20,Teams!$A$2:$A$49,0)),"Draw") -> Argentina | O20: W | P20: 3 | Q20: 3
A21: 20 | B21: 2026-06-16 | C21: First Stage | D21: Group J | E21: 15 | F21: =IFERROR(INDEX(Stadiums!$B$2:$B$17,MATCH($E21,Stadiums!$A$2:$A$17,0)),"") -> San Francisco Bay Area Stadium | G21: 14 | H21: =IFERROR(INDEX(Teams!$B$2:$B$49,MATCH($G21,Teams!$A$2:$A$49,0)),"") -> Austria | I21: 41 | J21: =IFERROR(INDEX(Teams!$B$2:$B$49,MATCH($I21,Teams!$A$2:$A$49,0)),"") -> Jordan | K21: 3 | L21: 1 | M21: 14 | N21: =IFERROR(INDEX(Teams!$B$2:$B$49,MATCH($M21,Teams!$A$2:$A$49,0)),"Draw") -> Austria | O21: W | P21: 4 | Q21: 2
A22: 21 | B22: 2026-06-17 | C22: First Stage | D22: Group L | E22: 1 | F22: =IFERROR(INDEX(Stadiums!$B$2:$B$17,MATCH($E22,Stadiums!$A$2:$A$17,0)),"") -> Toronto Stadium | G22: 29 | H22: =IFERROR(INDEX(Teams!$B$2:$B$49,MATCH($G22,Teams!$A$2:$A$49,0)),"") -> Ghana | I22: 43 | J22: =IFERROR(INDEX(Teams!$B$2:$B$49,MATCH($I22,Teams!$A$2:$A$49,0)),"") -> Panama | K22: 1 | L22: 0 | M22: 29 | N22: =IFERROR(INDEX(Teams!$B$2:$B$49,MATCH($M22,Teams!$A$2:$A$49,0)),"Draw") -> Ghana | O22: W | P22: 1 | Q22: 1
A23: 22 | B23: 2026-06-17 | C23: First Stage | D23: Group L | E23: 8 | F23: =IFERROR(INDEX(Stadiums!$B$2:$B$17,MATCH($E23,Stadiums!$A$2:$A$17,0)),"") -> Dallas Stadium | G23: 5 | H23: =IFERROR(INDEX(Teams!$B$2:$B$49,MATCH($G23,Teams!$A$2:$A$49,0)),"") -> England | I23: 18 | J23: =IFERROR(INDEX(Teams!$B$2:$B$49,MATCH($I23,Teams!$A$2:$A$49,0)),"") -> Croatia | K23: 4 | L23: 2 | M23: 5 | N23: =IFERROR(INDEX(Teams!$B$2:$B$49,MATCH($M23,Teams!$A$2:$A$49,0)),"Draw") -> England | O23: W | P23: 6 | Q23: 2
A24: 23 | B24: 2026-06-17 | C24: First Stage | D24: Group K | E24: 9 | F24: =IFERROR(INDEX(Stadiums!$B$2:$B$17,MATCH($E24,Stadiums!$A$2:$A$17,0)),"") -> Houston Stadium | G24: 23 | H24: =IFERROR(INDEX(Teams!$B$2:$B$49,MATCH($G24,Teams!$A$2:$A$49,0)),"") -> Portugal | I24: 27 | J24: =IFERROR(INDEX(Teams!$B$2:$B$49,MATCH($I24,Teams!$A$2:$A$49,0)),"") -> Congo DR | K24: 1 | L24: 1 | N24: =IFERROR(INDEX(Teams!$B$2:$B$49,MATCH($M24,Teams!$A$2:$A$49,0)),"Draw") -> Draw | O24: D | P24: 2 | Q24: 0
A25: 24 | B25: 2026-06-17 | C25: First Stage | D25: Group K | E25: 3 | F25: =IFERROR(INDEX(Stadiums!$B$2:$B$17,MATCH($E25,Stadiums!$A$2:$A$17,0)),"") -> Mexico City Stadium | G25: 48 | H25: =IFERROR(INDEX(Teams!$B$2:$B$49,MATCH($G25,Teams!$A$2:$A$49,0)),"") -> Uzbekistan | I25: 4 | J25: =IFERROR(INDEX(Teams!$B$2:$B$49,MATCH($I25,Teams!$A$2:$A$49,0)),"") -> Colombia | K25: 1 | L25: 3 | M25: 4 | N25: =IFERROR(INDEX(Teams!$B$2:$B$49,MATCH($M25,Teams!$A$2:$A$49,0)),"Draw") -> Colombia | O25: L | P25: 4 | Q25: 2
A26: 25 | B26: 2026-06-18 | C26: First Stage | D26: Group A | E26: 6 | F26: =IFERROR(INDEX(Stadiums!$B$2:$B$17,MATCH($E26,Stadiums!$A$2:$A$17,0)),"") -> Atlanta Stadium | G26: 38 | H26: =IFERROR(INDEX(Teams!$B$2:$B$49,MATCH($G26,Teams!$A$2:$A$49,0)),"") -> Czechia | I26: 24 | J26: =IFERROR(INDEX(Teams!$B$2:$B$49,MATCH($I26,Teams!$A$2:$A$49,0)),"") -> South Africa | K26: 1 | L26: 1 | N26: =IFERROR(INDEX(Teams!$B$2:$B$49,MATCH($M26,Teams!$A$2:$A$49,0)),"Draw") -> Draw | O26: D | P26: 2 | Q26: 0
A27: 26 | B27: 2026-06-18 | C27: First Stage | D27: Group B | E27: 11 | F27: =IFERROR(INDEX(Stadiums!$B$2:$B$17,MATCH($E27,Stadiums!$A$2:$A$17,0)),"") -> Los Angeles Stadium | G27: 11 | H27: =IFERROR(INDEX(Teams!$B$2:$B$49,MATCH($G27,Teams!$A$2:$A$49,0)),"") -> Switzerland | I27: 26 | J27: =IFERROR(INDEX(Teams!$B$2:$B$49,MATCH($I27,Teams!$A$2:$A$49,0)),"") -> Bosnia and Herzegovina | K27: 4 | L27: 1 | M27: 11 | N27: =IFERROR(INDEX(Teams!$B$2:$B$49,MATCH($M27,Teams!$A$2:$A$49,0)),"Draw") -> Switzerland | O27: W | P27: 5 | Q27: 3
A28: 27 | B28: 2026-06-18 | C28: First Stage | D28: Group B | E28: 2 | F28: =IFERROR(INDEX(Stadiums!$B$2:$B$17,MATCH($E28,Stadiums!$A$2:$A$17,0)),"") -> BC Place Vancouver | G28: 16 | H28: =IFERROR(INDEX(Teams!$B$2:$B$49,MATCH($G28,Teams!$A$2:$A$49,0)),"") -> Canada | I28: 44 | J28: =IFERROR(INDEX(Teams!$B$2:$B$49,MATCH($I28,Teams!$A$2:$A$49,0)),"") -> Qatar | K28: 6 | L28: 0 | M28: 16 | N28: =IFERROR(INDEX(Teams!$B$2:$B$49,MATCH($M28,Teams!$A$2:$A$49,0)),"Draw") -> Canada | O28: W | P28: 6 | Q28: 6
A29: 28 | B29: 2026-06-18 | C29: First Stage | D29: Group A | E29: 4 | F29: =IFERROR(INDEX(Stadiums!$B$2:$B$17,MATCH($E29,Stadiums!$A$2:$A$17,0)),"") -> Guadalajara Stadium | G29: 8 | H29: =IFERROR(INDEX(Teams!$B$2:$B$49,MATCH($G29,Teams!$A$2:$A$49,0)),"") -> Mexico | I29: 31 | J29: =IFERROR(INDEX(Teams!$B$2:$B$49,MATCH($I29,Teams!$A$2:$A$49,0)),"") -> Korea Republic | K29: 1 | L29: 0 | M29: 8 | N29: =IFERROR(INDEX(Teams!$B$2:$B$49,MATCH($M29,Teams!$A$2:$A$49,0)),"Draw") -> Mexico | O29: W | P29: 1 | Q29: 1
A30: 29 | B30: 2026-06-19 | C30: First Stage | D30: Group C | E30: 14 | F30: =IFERROR(INDEX(Stadiums!$B$2:$B$17,MATCH($E30,Stadiums!$A$2:$A$17,0)),"") -> Philadelphia Stadium | G30: 3 | H30: =IFERROR(INDEX(Teams!$B$2:$B$49,MATCH($G30,Teams!$A$2:$A$49,0)),"") -> Brazil | I30: 39 | J30: =IFERROR(INDEX(Teams!$B$2:$B$49,MATCH($I30,Teams!$A$2:$A$49,0)),"") -> Haiti | K30: 3 | L30: 0 | M30: 3 | N30: =IFERROR(INDEX(Teams!$B$2:$B$49,MATCH($M30,Teams!$A$2:$A$49,0)),"Draw") -> Brazil | O30: W | P30: 3 | Q30: 3
A31: 30 | B31: 2026-06-19 | C31: First Stage | D31: Group C | E31: 7 | F31: =IFERROR(INDEX(Stadiums!$B$2:$B$17,MATCH($E31,Stadiums!$A$2:$A$17,0)),"") -> Boston Stadium | G31: 33 | H31: =IFERROR(INDEX(Teams!$B$2:$B$49,MATCH($G31,Teams!$A$2:$A$49,0)),"") -> Scotland | I31: 21 | J31: =IFERROR(INDEX(Teams!$B$2:$B$49,MATCH($I31,Teams!$A$2:$A$49,0)),"") -> Morocco | K31: 0 | L31: 1 | M31: 21 | N31: =IFERROR(INDEX(Teams!$B$2:$B$49,MATCH($M31,Teams!$A$2:$A$49,0)),"Draw") -> Morocco | O31: L | P31: 1 | Q31: 1
A32: 31 | B32: 2026-06-19 | C32: First Stage | D32: Group D | E32: 15 | F32: =IFERROR(INDEX(Stadiums!$B$2:$B$17,MATCH($E32,Stadiums!$A$2:$A$17,0)),"") -> San Francisco Bay Area Stadium | G32: 47 | H32: =IFERROR(INDEX(Teams!$B$2:$B$49,MATCH($G32,Teams!$A$2:$A$49,0)),"") -> Türkiye | I32: 32 | J32: =IFERROR(INDEX(Teams!$B$2:$B$49,MATCH($I32,Teams!$A$2:$A$49,0)),"") -> Paraguay | K32: 0 | L32: 1 | M32: 32 | N32: =IFERROR(INDEX(Teams!$B$2:$B$49,MATCH($M32,Teams!$A$2:$A$49,0)),"Draw") -> Paraguay | O32: L | P32: 1 | Q32: 1
A33: 32 | B33: 2026-06-19 | C33: First Stage | D33: Group D | E33: 16 | F33: =IFERROR(INDEX(Stadiums!$B$2:$B$17,MATCH($E33,Stadiums!$A$2:$A$17,0)),"") -> Seattle Stadium | G33: 12 | H33: =IFERROR(INDEX(Teams!$B$2:$B$49,MATCH($G33,Teams!$A$2:$A$49,0)),"") -> USA | I33: 13 | J33: =IFERROR(INDEX(Teams!$B$2:$B$49,MATCH($I33,Teams!$A$2:$A$49,0)),"") -> Australia | K33: 2 | L33: 0 | M33: 12 | N33: =IFERROR(INDEX(Teams!$B$2:$B$49,MATCH($M33,Teams!$A$2:$A$49,0)),"Draw") -> USA | O33: W | P33: 2 | Q33: 2
A34: 33 | B34: 2026-06-20 | C34: First Stage | D34: Group E | E34: 1 | F34: =IFERROR(INDEX(Stadiums!$B$2:$B$17,MATCH($E34,Stadiums!$A$2:$A$17,0)),"") -> Toronto Stadium | G34: 7 | H34: =IFERROR(INDEX(Teams!$B$2:$B$49,MATCH($G34,Teams!$A$2:$A$49,0)),"") -> Germany | I34: 17 | J34: =IFERROR(INDEX(Teams!$B$2:$B$49,MATCH($I34,Teams!$A$2:$A$49,0)),"") -> Côte d'Ivoire | K34: 2 | L34: 1 | M34: 7 | N34: =IFERROR(INDEX(Teams!$B$2:$B$49,MATCH($M34,Teams!$A$2:$A$49,0)),"Draw") -> Germany | O34: W | P34: 3 | Q34: 1
A35: 34 | B35: 2026-06-20 | C35: First Stage | D35: Group E | E35: 10 | F35: =IFERROR(INDEX(Stadiums!$B$2:$B$17,MATCH($E35,Stadiums!$A$2:$A$17,0)),"") -> Kansas City Stadium | G35: 28 | H35: =IFERROR(INDEX(Teams!$B$2:$B$49,MATCH($G35,Teams!$A$2:$A$49,0)),"") -> Ecuador | I35: 37 | J35: =IFERROR(INDEX(Teams!$B$2:$B$49,MATCH($I35,Teams!$A$2:$A$49,0)),"") -> Curaçao | K35: 0 | L35: 0 | N35: =IFERROR(INDEX(Teams!$B$2:$B$49,MATCH($M35,Teams!$A$2:$A$49,0)),"Draw") -> Draw | O35: D | P35: 0 | Q35: 0
A36: 35 | B36: 2026-06-20 | C36: First Stage | D36: Group F | E36: 9 | F36: =IFERROR(INDEX(Stadiums!$B$2:$B$17,MATCH($E36,Stadiums!$A$2:$A$17,0)),"") -> Houston Stadium | G36: 9 | H36: =IFERROR(INDEX(Teams!$B$2:$B$49,MATCH($G36,Teams!$A$2:$A$49,0)),"") -> Netherlands | I36: 35 | J36: =IFERROR(INDEX(Teams!$B$2:$B$49,MATCH($I36,Teams!$A$2:$A$49,0)),"") -> Sweden | K36: 5 | L36: 1 | M36: 9 | N36: =IFERROR(INDEX(Teams!$B$2:$B$49,MATCH($M36,Teams!$A$2:$A$49,0)),"Draw") -> Netherlands | O36: W | P36: 6 | Q36: 4
A37: 36 | B37: 2026-06-20 | C37: First Stage | D37: Group F | E37: 5 | F37: =IFERROR(INDEX(Stadiums!$B$2:$B$17,MATCH($E37,Stadiums!$A$2:$A$17,0)),"") -> Estadio Monterrey | G37: 46 | H37: =IFERROR(INDEX(Teams!$B$2:$B$49,MATCH($G37,Teams!$A$2:$A$49,0)),"") -> Tunisia | I37: 20 | J37: =IFERROR(INDEX(Teams!$B$2:$B$49,MATCH($I37,Teams!$A$2:$A$49,0)),"") -> Japan | K37: 0 | L37: 4 | M37: 20 | N37: =IFERROR(INDEX(Teams!$B$2:$B$49,MATCH($M37,Teams!$A$2:$A$49,0)),"Draw") -> Japan | O37: L | P37: 4 | Q37: 4
A38: 37 | B38: 2026-06-21 | C38: First Stage | D38: Group H | E38: 12 | F38: =IFERROR(INDEX(Stadiums!$B$2:$B$17,MATCH($E38,Stadiums!$A$2:$A$17,0)),"") -> Miami Stadium | G38: 36 | H38: =IFERROR(INDEX(Teams!$B$2:$B$49,MATCH($G38,Teams!$A$2:$A$49,0)),"") -> Uruguay | I38: 15 | J38: =IFERROR(INDEX(Teams!$B$2:$B$49,MATCH($I38,Teams!$A$2:$A$49,0)),"") -> Cabo Verde | K38: 2 | L38: 2 | N38: =IFERROR(INDEX(Teams!$B$2:$B$49,MATCH($M38,Teams!$A$2:$A$49,0)),"Draw") -> Draw | O38: D | P38: 4 | Q38: 0
A39: 38 | B39: 2026-06-21 | C39: First Stage | D39: Group H | E39: 6 | F39: =IFERROR(INDEX(Stadiums!$B$2:$B$17,MATCH($E39,Stadiums!$A$2:$A$17,0)),"") -> Atlanta Stadium | G39: 10 | H39: =IFERROR(INDEX(Teams!$B$2:$B$49,MATCH($G39,Teams!$A$2:$A$49,0)),"") -> Spain | I39: 45 | J39: =IFERROR(INDEX(Teams!$B$2:$B$49,MATCH($I39,Teams!$A$2:$A$49,0)),"") -> Saudi Arabia | K39: 4 | L39: 0 | M39: 10 | N39: =IFERROR(INDEX(Teams!$B$2:$B$49,MATCH($M39,Teams!$A$2:$A$49,0)),"Draw") -> Spain | O39: W | P39: 4 | Q39: 4
A40: 39 | B40: 2026-06-21 | C40: First Stage | D40: Group G | E40: 11 | F40: =IFERROR(INDEX(Stadiums!$B$2:$B$17,MATCH($E40,Stadiums!$A$2:$A$17,0)),"") -> Los Angeles Stadium | G40: 2 | H40: =IFERROR(INDEX(Teams!$B$2:$B$49,MATCH($G40,Teams!$A$2:$A$49,0)),"") -> Belgium | I40: 30 | J40: =IFERROR(INDEX(Teams!$B$2:$B$49,MATCH($I40,Teams!$A$2:$A$49,0)),"") -> IR Iran | K40: 0 | L40: 0 | N40: =IFERROR(INDEX(Teams!$B$2:$B$49,MATCH($M40,Teams!$A$2:$A$49,0)),"Draw") -> Draw | O40: D | P40: 0 | Q40: 0
A41: 40 | B41: 2026-06-21 | C41: First Stage | D41: Group G | E41: 2 | F41: =IFERROR(INDEX(Stadiums!$B$2:$B$17,MATCH($E41,Stadiums!$A$2:$A$17,0)),"") -> BC Place Vancouver | G41: 42 | H41: =IFERROR(INDEX(Teams!$B$2:$B$49,MATCH($G41,Teams!$A$2:$A$49,0)),"") -> New Zealand | I41: 19 | J41: =IFERROR(INDEX(Teams!$B$2:$B$49,MATCH($I41,Teams!$A$2:$A$49,0)),"") -> Egypt | K41: 1 | L41: 3 | M41: 19 | N41: =IFERROR(INDEX(Teams!$B$2:$B$49,MATCH($M41,Teams!$A$2:$A$49,0)),"Draw") -> Egypt | O41: L | P41: 4 | Q41: 2
A42: 41 | B42: 2026-06-22 | C42: First Stage | D42: Group I | E42: 13 | F42: =IFERROR(INDEX(Stadiums!$B$2:$B$17,MATCH($E42,Stadiums!$A$2:$A$17,0)),"") -> New York New Jersey Stadium | G42: 22 | H42: =IFERROR(INDEX(Teams!$B$2:$B$49,MATCH($G42,Teams!$A$2:$A$49,0)),"") -> Norway | I42: 34 | J42: =IFERROR(INDEX(Teams!$B$2:$B$49,MATCH($I42,Teams!$A$2:$A$49,0)),"") -> Senegal | K42: 3 | L42: 2 | M42: 22 | N42: =IFERROR(INDEX(Teams!$B$2:$B$49,MATCH($M42,Teams!$A$2:$A$49,0)),"Draw") -> Norway | O42: W | P42: 5 | Q42: 1
A43: 42 | B43: 2026-06-22 | C43: First Stage | D43: Group I | E43: 14 | F43: =IFERROR(INDEX(Stadiums!$B$2:$B$17,MATCH($E43,Stadiums!$A$2:$A$17,0)),"") -> Philadelphia Stadium | G43: 6 | H43: =IFERROR(INDEX(Teams!$B$2:$B$49,MATCH($G43,Teams!$A$2:$A$49,0)),"") -> France | I43: 40 | J43: =IFERROR(INDEX(Teams!$B$2:$B$49,MATCH($I43,Teams!$A$2:$A$49,0)),"") -> Iraq | K43: 3 | L43: 0 | M43: 6 | N43: =IFERROR(INDEX(Teams!$B$2:$B$49,MATCH($M43,Teams!$A$2:$A$49,0)),"Draw") -> France | O43: W | P43: 3 | Q43: 3
A44: 43 | B44: 2026-06-22 | C44: First Stage | D44: Group J | E44: 8 | F44: =IFERROR(INDEX(Stadiums!$B$2:$B$17,MATCH($E44,Stadiums!$A$2:$A$17,0)),"") -> Dallas Stadium | G44: 1 | H44: =IFERROR(INDEX(Teams!$B$2:$B$49,MATCH($G44,Teams!$A$2:$A$49,0)),"") -> Argentina | I44: 14 | J44: =IFERROR(INDEX(Teams!$B$2:$B$49,MATCH($I44,Teams!$A$2:$A$49,0)),"") -> Austria | K44: 2 | L44: 0 | M44: 1 | N44: =IFERROR(INDEX(Teams!$B$2:$B$49,MATCH($M44,Teams!$A$2:$A$49,0)),"Draw") -> Argentina | O44: W | P44: 2 | Q44: 2
A45: 44 | B45: 2026-06-22 | C45: First Stage | D45: Group J | E45: 15 | F45: =IFERROR(INDEX(Stadiums!$B$2:$B$17,MATCH($E45,Stadiums!$A$2:$A$17,0)),"") -> San Francisco Bay Area Stadium | G45: 41 | H45: =IFERROR(INDEX(Teams!$B$2:$B$49,MATCH($G45,Teams!$A$2:$A$49,0)),"") -> Jordan | I45: 25 | J45: =IFERROR(INDEX(Teams!$B$2:$B$49,MATCH($I45,Teams!$A$2:$A$49,0)),"") -> Algeria | K45: 1 | L45: 2 | M45: 25 | N45: =IFERROR(INDEX(Teams!$B$2:$B$49,MATCH($M45,Teams!$A$2:$A$49,0)),"Draw") -> Algeria | O45: L | P45: 3 | Q45: 1
A46: 45 | B46: 2026-06-23 | C46: First Stage | D46: Group L | E46: 7 | F46: =IFERROR(INDEX(Stadiums!$B$2:$B$17,MATCH($E46,Stadiums!$A$2:$A$17,0)),"") -> Boston Stadium | G46: 5 | H46: =IFERROR(INDEX(Teams!$B$2:$B$49,MATCH($G46,Teams!$A$2:$A$49,0)),"") -> England | I46: 29 | J46: =IFERROR(INDEX(Teams!$B$2:$B$49,MATCH($I46,Teams!$A$2:$A$49,0)),"") -> Ghana | K46: 0 | L46: 0 | N46: =IFERROR(INDEX(Teams!$B$2:$B$49,MATCH($M46,Teams!$A$2:$A$49,0)),"Draw") -> Draw | O46: D | P46: 0 | Q46: 0
A47: 46 | B47: 2026-06-23 | C47: First Stage | D47: Group L | E47: 1 | F47: =IFERROR(INDEX(Stadiums!$B$2:$B$17,MATCH($E47,Stadiums!$A$2:$A$17,0)),"") -> Toronto Stadium | G47: 43 | H47: =IFERROR(INDEX(Teams!$B$2:$B$49,MATCH($G47,Teams!$A$2:$A$49,0)),"") -> Panama | I47: 18 | J47: =IFERROR(INDEX(Teams!$B$2:$B$49,MATCH($I47,Teams!$A$2:$A$49,0)),"") -> Croatia | K47: 0 | L47: 1 | M47: 18 | N47: =IFERROR(INDEX(Teams!$B$2:$B$49,MATCH($M47,Teams!$A$2:$A$49,0)),"Draw") -> Croatia | O47: L | P47: 1 | Q47: 1
A48: 47 | B48: 2026-06-23 | C48: First Stage | D48: Group K | E48: 9 | F48: =IFERROR(INDEX(Stadiums!$B$2:$B$17,MATCH($E48,Stadiums!$A$2:$A$17,0)),"") -> Houston Stadium | G48: 23 | H48: =IFERROR(INDEX(Teams!$B$2:$B$49,MATCH($G48,Teams!$A$2:$A$49,0)),"") -> Portugal | I48: 48 | J48: =IFERROR(INDEX(Teams!$B$2:$B$49,MATCH($I48,Teams!$A$2:$A$49,0)),"") -> Uzbekistan | K48: 5 | L48: 0 | M48: 23 | N48: =IFERROR(INDEX(Teams!$B$2:$B$49,MATCH($M48,Teams!$A$2:$A$49,0)),"Draw") -> Portugal | O48: W | P48: 5 | Q48: 5
A49: 48 | B49: 2026-06-23 | C49: First Stage | D49: Group K | E49: 4 | F49: =IFERROR(INDEX(Stadiums!$B$2:$B$17,MATCH($E49,Stadiums!$A$2:$A$17,0)),"") -> Guadalajara Stadium | G49: 4 | H49: =IFERROR(INDEX(Teams!$B$2:$B$49,MATCH($G49,Teams!$A$2:$A$49,0)),"") -> Colombia | I49: 27 | J49: =IFERROR(INDEX(Teams!$B$2:$B$49,MATCH($I49,Teams!$A$2:$A$49,0)),"") -> Congo DR | K49: 1 | L49: 0 | M49: 4 | N49: =IFERROR(INDEX(Teams!$B$2:$B$49,MATCH($M49,Teams!$A$2:$A$49,0)),"Draw") -> Colombia | O49: W | P49: 1 | Q49: 1
A50: 49 | B50: 2026-06-24 | C50: First Stage | D50: Group C | E50: 12 | F50: =IFERROR(INDEX(Stadiums!$B$2:$B$17,MATCH($E50,Stadiums!$A$2:$A$17,0)),"") -> Miami Stadium | G50: 33 | H50: =IFERROR(INDEX(Teams!$B$2:$B$49,MATCH($G50,Teams!$A$2:$A$49,0)),"") -> Scotland | I50: 3 | J50: =IFERROR(INDEX(Teams!$B$2:$B$49,MATCH($I50,Teams!$A$2:$A$49,0)),"") -> Brazil | K50: 0 | L50: 3 | M50: 3 | N50: =IFERROR(INDEX(Teams!$B$2:$B$49,MATCH($M50,Teams!$A$2:$A$49,0)),"Draw") -> Brazil | O50: L | P50: 3 | Q50: 3
A51: 50 | B51: 2026-06-24 | C51: First Stage | D51: Group C | E51: 6 | F51: =IFERROR(INDEX(Stadiums!$B$2:$B$17,MATCH($E51,Stadiums!$A$2:$A$17,0)),"") -> Atlanta Stadium | G51: 21 | H51: =IFERROR(INDEX(Teams!$B$2:$B$49,MATCH($G51,Teams!$A$2:$A$49,0)),"") -> Morocco | I51: 39 | J51: =IFERROR(INDEX(Teams!$B$2:$B$49,MATCH($I51,Teams!$A$2:$A$49,0)),"") -> Haiti | K51: 4 | L51: 2 | M51: 21 | N51: =IFERROR(INDEX(Teams!$B$2:$B$49,MATCH($M51,Teams!$A$2:$A$49,0)),"Draw") -> Morocco | O51: W | P51: 6 | Q51: 2
A52: 51 | B52: 2026-06-24 | C52: First Stage | D52: Group B | E52: 2 | F52: =IFERROR(INDEX(Stadiums!$B$2:$B$17,MATCH($E52,Stadiums!$A$2:$A$17,0)),"") -> BC Place Vancouver | G52: 11 | H52: =IFERROR(INDEX(Teams!$B$2:$B$49,MATCH($G52,Teams!$A$2:$A$49,0)),"") -> Switzerland | I52: 16 | J52: =IFERROR(INDEX(Teams!$B$2:$B$49,MATCH($I52,Teams!$A$2:$A$49,0)),"") -> Canada | K52: 2 | L52: 1 | M52: 11 | N52: =IFERROR(INDEX(Teams!$B$2:$B$49,MATCH($M52,Teams!$A$2:$A$49,0)),"Draw") -> Switzerland | O52: W | P52: 3 | Q52: 1
A53: 52 | B53: 2026-06-24 | C53: First Stage | D53: Group B | E53: 16 | F53: =IFERROR(INDEX(Stadiums!$B$2:$B$17,MATCH($E53,Stadiums!$A$2:$A$17,0)),"") -> Seattle Stadium | G53: 26 | H53: =IFERROR(INDEX(Teams!$B$2:$B$49,MATCH($G53,Teams!$A$2:$A$49,0)),"") -> Bosnia and Herzegovina | I53: 44 | J53: =IFERROR(INDEX(Teams!$B$2:$B$49,MATCH($I53,Teams!$A$2:$A$49,0)),"") -> Qatar | K53: 3 | L53: 1 | M53: 26 | N53: =IFERROR(INDEX(Teams!$B$2:$B$49,MATCH($M53,Teams!$A$2:$A$49,0)),"Draw") -> Bosnia and Herzegovina | O53: W | P53: 4 | Q53: 2
A54: 53 | B54: 2026-06-24 | C54: First Stage | D54: Group A | E54: 3 | F54: =IFERROR(INDEX(Stadiums!$B$2:$B$17,MATCH($E54,Stadiums!$A$2:$A$17,0)),"") -> Mexico City Stadium | G54: 38 | H54: =IFERROR(INDEX(Teams!$B$2:$B$49,MATCH($G54,Teams!$A$2:$A$49,0)),"") -> Czechia | I54: 8 | J54: =IFERROR(INDEX(Teams!$B$2:$B$49,MATCH($I54,Teams!$A$2:$A$49,0)),"") -> Mexico | K54: 0 | L54: 3 | M54: 8 | N54: =IFERROR(INDEX(Teams!$B$2:$B$49,MATCH($M54,Teams!$A$2:$A$49,0)),"Draw") -> Mexico | O54: L | P54: 3 | Q54: 3
A55: 54 | B55: 2026-06-24 | C55: First Stage | D55: Group A | E55: 5 | F55: =IFERROR(INDEX(Stadiums!$B$2:$B$17,MATCH($E55,Stadiums!$A$2:$A$17,0)),"") -> Estadio Monterrey | G55: 24 | H55: =IFERROR(INDEX(Teams!$B$2:$B$49,MATCH($G55,Teams!$A$2:$A$49,0)),"") -> South Africa | I55: 31 | J55: =IFERROR(INDEX(Teams!$B$2:$B$49,MATCH($I55,Teams!$A$2:$A$49,0)),"") -> Korea Republic | K55: 1 | L55: 0 | M55: 24 | N55: =IFERROR(INDEX(Teams!$B$2:$B$49,MATCH($M55,Teams!$A$2:$A$49,0)),"Draw") -> South Africa | O55: W | P55: 1 | Q55: 1
A56: 55 | B56: 2026-06-25 | C56: First Stage | D56: Group E | E56: 14 | F56: =IFERROR(INDEX(Stadiums!$B$2:$B$17,MATCH($E56,Stadiums!$A$2:$A$17,0)),"") -> Philadelphia Stadium | G56: 37 | H56: =IFERROR(INDEX(Teams!$B$2:$B$49,MATCH($G56,Teams!$A$2:$A$49,0)),"") -> Curaçao | I56: 17 | J56: =IFERROR(INDEX(Teams!$B$2:$B$49,MATCH($I56,Teams!$A$2:$A$49,0)),"") -> Côte d'Ivoire | K56: 0 | L56: 2 | M56: 17 | N56: =IFERROR(INDEX(Teams!$B$2:$B$49,MATCH($M56,Teams!$A$2:$A$49,0)),"Draw") -> Côte d'Ivoire | O56: L | P56: 2 | Q56: 2
A57: 56 | B57: 2026-06-25 | C57: First Stage | D57: Group E | E57: 13 | F57: =IFERROR(INDEX(Stadiums!$B$2:$B$17,MATCH($E57,Stadiums!$A$2:$A$17,0)),"") -> New York New Jersey Stadium | G57: 28 | H57: =IFERROR(INDEX(Teams!$B$2:$B$49,MATCH($G57,Teams!$A$2:$A$49,0)),"") -> Ecuador | I57: 7 | J57: =IFERROR(INDEX(Teams!$B$2:$B$49,MATCH($I57,Teams!$A$2:$A$49,0)),"") -> Germany | K57: 2 | L57: 1 | M57: 28 | N57: =IFERROR(INDEX(Teams!$B$2:$B$49,MATCH($M57,Teams!$A$2:$A$49,0)),"Draw") -> Ecuador | O57: W | P57: 3 | Q57: 1
A58: 57 | B58: 2026-06-25 | C58: First Stage | D58: Group F | E58: 8 | F58: =IFERROR(INDEX(Stadiums!$B$2:$B$17,MATCH($E58,Stadiums!$A$2:$A$17,0)),"") -> Dallas Stadium | G58: 20 | H58: =IFERROR(INDEX(Teams!$B$2:$B$49,MATCH($G58,Teams!$A$2:$A$49,0)),"") -> Japan | I58: 35 | J58: =IFERROR(INDEX(Teams!$B$2:$B$49,MATCH($I58,Teams!$A$2:$A$49,0)),"") -> Sweden | K58: 1 | L58: 1 | N58: =IFERROR(INDEX(Teams!$B$2:$B$49,MATCH($M58,Teams!$A$2:$A$49,0)),"Draw") -> Draw | O58: D | P58: 2 | Q58: 0
A59: 58 | B59: 2026-06-25 | C59: First Stage | D59: Group F | E59: 10 | F59: =IFERROR(INDEX(Stadiums!$B$2:$B$17,MATCH($E59,Stadiums!$A$2:$A$17,0)),"") -> Kansas City Stadium | G59: 46 | H59: =IFERROR(INDEX(Teams!$B$2:$B$49,MATCH($G59,Teams!$A$2:$A$49,0)),"") -> Tunisia | I59: 9 | J59: =IFERROR(INDEX(Teams!$B$2:$B$49,MATCH($I59,Teams!$A$2:$A$49,0)),"") -> Netherlands | K59: 1 | L59: 3 | M59: 9 | N59: =IFERROR(INDEX(Teams!$B$2:$B$49,MATCH($M59,Teams!$A$2:$A$49,0)),"Draw") -> Netherlands | O59: L | P59: 4 | Q59: 2
A60: 59 | B60: 2026-06-25 | C60: First Stage | D60: Group D | E60: 11 | F60: =IFERROR(INDEX(Stadiums!$B$2:$B$17,MATCH($E60,Stadiums!$A$2:$A$17,0)),"") -> Los Angeles Stadium | G60: 47 | H60: =IFERROR(INDEX(Teams!$B$2:$B$49,MATCH($G60,Teams!$A$2:$A$49,0)),"") -> Türkiye | I60: 12 | J60: =IFERROR(INDEX(Teams!$B$2:$B$49,MATCH($I60,Teams!$A$2:$A$49,0)),"") -> USA | K60: 3 | L60: 2 | M60: 47 | N60: =IFERROR(INDEX(Teams!$B$2:$B$49,MATCH($M60,Teams!$A$2:$A$49,0)),"Draw") -> Türkiye | O60: W | P60: 5 | Q60: 1
A61: 60 | B61: 2026-06-25 | C61: First Stage | D61: Group D | E61: 15 | F61: =IFERROR(INDEX(Stadiums!$B$2:$B$17,MATCH($E61,Stadiums!$A$2:$A$17,0)),"") -> San Francisco Bay Area Stadium | G61: 32 | H61: =IFERROR(INDEX(Teams!$B$2:$B$49,MATCH($G61,Teams!$A$2:$A$49,0)),"") -> Paraguay | I61: 13 | J61: =IFERROR(INDEX(Teams!$B$2:$B$49,MATCH($I61,Teams!$A$2:$A$49,0)),"") -> Australia | K61: 0 | L61: 0 | N61: =IFERROR(INDEX(Teams!$B$2:$B$49,MATCH($M61,Teams!$A$2:$A$49,0)),"Draw") -> Draw | O61: D | P61: 0 | Q61: 0
A62: 61 | B62: 2026-06-26 | C62: First Stage | D62: Group I | E62: 7 | F62: =IFERROR(INDEX(Stadiums!$B$2:$B$17,MATCH($E62,Stadiums!$A$2:$A$17,0)),"") -> Boston Stadium | G62: 22 | H62: =IFERROR(INDEX(Teams!$B$2:$B$49,MATCH($G62,Teams!$A$2:$A$49,0)),"") -> Norway | I62: 6 | J62: =IFERROR(INDEX(Teams!$B$2:$B$49,MATCH($I62,Teams!$A$2:$A$49,0)),"") -> France | K62: 1 | L62: 4 | M62: 6 | N62: =IFERROR(INDEX(Teams!$B$2:$B$49,MATCH($M62,Teams!$A$2:$A$49,0)),"Draw") -> France | O62: L | P62: 5 | Q62: 3
A63: 62 | B63: 2026-06-26 | C63: First Stage | D63: Group I | E63: 1 | F63: =IFERROR(INDEX(Stadiums!$B$2:$B$17,MATCH($E63,Stadiums!$A$2:$A$17,0)),"") -> Toronto Stadium | G63: 34 | H63: =IFERROR(INDEX(Teams!$B$2:$B$49,MATCH($G63,Teams!$A$2:$A$49,0)),"") -> Senegal | I63: 40 | J63: =IFERROR(INDEX(Teams!$B$2:$B$49,MATCH($I63,Teams!$A$2:$A$49,0)),"") -> Iraq | K63: 5 | L63: 0 | M63: 34 | N63: =IFERROR(INDEX(Teams!$B$2:$B$49,MATCH($M63,Teams!$A$2:$A$49,0)),"Draw") -> Senegal | O63: W | P63: 5 | Q63: 5
A64: 63 | B64: 2026-06-26 | C64: First Stage | D64: Group G | E64: 16 | F64: =IFERROR(INDEX(Stadiums!$B$2:$B$17,MATCH($E64,Stadiums!$A$2:$A$17,0)),"") -> Seattle Stadium | G64: 19 | H64: =IFERROR(INDEX(Teams!$B$2:$B$49,MATCH($G64,Teams!$A$2:$A$49,0)),"") -> Egypt | I64: 30 | J64: =IFERROR(INDEX(Teams!$B$2:$B$49,MATCH($I64,Teams!$A$2:$A$49,0)),"") -> IR Iran | K64: 1 | L64: 1 | N64: =IFERROR(INDEX(Teams!$B$2:$B$49,MATCH($M64,Teams!$A$2:$A$49,0)),"Draw") -> Draw | O64: D | P64: 2 | Q64: 0
A65: 64 | B65: 2026-06-26 | C65: First Stage | D65: Group G | E65: 2 | F65: =IFERROR(INDEX(Stadiums!$B$2:$B$17,MATCH($E65,Stadiums!$A$2:$A$17,0)),"") -> BC Place Vancouver | G65: 42 | H65: =IFERROR(INDEX(Teams!$B$2:$B$49,MATCH($G65,Teams!$A$2:$A$49,0)),"") -> New Zealand | I65: 2 | J65: =IFERROR(INDEX(Teams!$B$2:$B$49,MATCH($I65,Teams!$A$2:$A$49,0)),"") -> Belgium | K65: 1 | L65: 5 | M65: 2 | N65: =IFERROR(INDEX(Teams!$B$2:$B$49,MATCH($M65,Teams!$A$2:$A$49,0)),"Draw") -> Belgium | O65: L | P65: 6 | Q65: 4
A66: 65 | B66: 2026-06-26 | C66: First Stage | D66: Group H | E66: 9 | F66: =IFERROR(INDEX(Stadiums!$B$2:$B$17,MATCH($E66,Stadiums!$A$2:$A$17,0)),"") -> Houston Stadium | G66: 15 | H66: =IFERROR(INDEX(Teams!$B$2:$B$49,MATCH($G66,Teams!$A$2:$A$49,0)),"") -> Cabo Verde | I66: 45 | J66: =IFERROR(INDEX(Teams!$B$2:$B$49,MATCH($I66,Teams!$A$2:$A$49,0)),"") -> Saudi Arabia | K66: 0 | L66: 0 | N66: =IFERROR(INDEX(Teams!$B$2:$B$49,MATCH($M66,Teams!$A$2:$A$49,0)),"Draw") -> Draw | O66: D | P66: 0 | Q66: 0
A67: 66 | B67: 2026-06-26 | C67: First Stage | D67: Group H | E67: 4 | F67: =IFERROR(INDEX(Stadiums!$B$2:$B$17,MATCH($E67,Stadiums!$A$2:$A$17,0)),"") -> Guadalajara Stadium | G67: 36 | H67: =IFERROR(INDEX(Teams!$B$2:$B$49,MATCH($G67,Teams!$A$2:$A$49,0)),"") -> Uruguay | I67: 10 | J67: =IFERROR(INDEX(Teams!$B$2:$B$49,MATCH($I67,Teams!$A$2:$A$49,0)),"") -> Spain | K67: 0 | L67: 1 | M67: 10 | N67: =IFERROR(INDEX(Teams!$B$2:$B$49,MATCH($M67,Teams!$A$2:$A$49,0)),"Draw") -> Spain | O67: L | P67: 1 | Q67: 1
A68: 67 | B68: 2026-06-27 | C68: First Stage | D68: Group L | E68: 13 | F68: =IFERROR(INDEX(Stadiums!$B$2:$B$17,MATCH($E68,Stadiums!$A$2:$A$17,0)),"") -> New York New Jersey Stadium | G68: 43 | H68: =IFERROR(INDEX(Teams!$B$2:$B$49,MATCH($G68,Teams!$A$2:$A$49,0)),"") -> Panama | I68: 5 | J68: =IFERROR(INDEX(Teams!$B$2:$B$49,MATCH($I68,Teams!$A$2:$A$49,0)),"") -> England | K68: 0 | L68: 2 | M68: 5 | N68: =IFERROR(INDEX(Teams!$B$2:$B$49,MATCH($M68,Teams!$A$2:$A$49,0)),"Draw") -> England | O68: L | P68: 2 | Q68: 2
A69: 68 | B69: 2026-06-27 | C69: First Stage | D69: Group L | E69: 14 | F69: =IFERROR(INDEX(Stadiums!$B$2:$B$17,MATCH($E69,Stadiums!$A$2:$A$17,0)),"") -> Philadelphia Stadium | G69: 18 | H69: =IFERROR(INDEX(Teams!$B$2:$B$49,MATCH($G69,Teams!$A$2:$A$49,0)),"") -> Croatia | I69: 29 | J69: =IFERROR(INDEX(Teams!$B$2:$B$49,MATCH($I69,Teams!$A$2:$A$49,0)),"") -> Ghana | K69: 2 | L69: 1 | M69: 18 | N69: =IFERROR(INDEX(Teams!$B$2:$B$49,MATCH($M69,Teams!$A$2:$A$49,0)),"Draw") -> Croatia | O69: W | P69: 3 | Q69: 1
A70: 69 | B70: 2026-06-27 | C70: First Stage | D70: Group J | E70: 10 | F70: =IFERROR(INDEX(Stadiums!$B$2:$B$17,MATCH($E70,Stadiums!$A$2:$A$17,0)),"") -> Kansas City Stadium | G70: 25 | H70: =IFERROR(INDEX(Teams!$B$2:$B$49,MATCH($G70,Teams!$A$2:$A$49,0)),"") -> Algeria | I70: 14 | J70: =IFERROR(INDEX(Teams!$B$2:$B$49,MATCH($I70,Teams!$A$2:$A$49,0)),"") -> Austria | K70: 3 | L70: 3 | N70: =IFERROR(INDEX(Teams!$B$2:$B$49,MATCH($M70,Teams!$A$2:$A$49,0)),"Draw") -> Draw | O70: D | P70: 6 | Q70: 0
A71: 70 | B71: 2026-06-27 | C71: First Stage | D71: Group J | E71: 8 | F71: =IFERROR(INDEX(Stadiums!$B$2:$B$17,MATCH($E71,Stadiums!$A$2:$A$17,0)),"") -> Dallas Stadium | G71: 41 | H71: =IFERROR(INDEX(Teams!$B$2:$B$49,MATCH($G71,Teams!$A$2:$A$49,0)),"") -> Jordan | I71: 1 | J71: =IFERROR(INDEX(Teams!$B$2:$B$49,MATCH($I71,Teams!$A$2:$A$49,0)),"") -> Argentina | K71: 1 | L71: 3 | M71: 1 | N71: =IFERROR(INDEX(Teams!$B$2:$B$49,MATCH($M71,Teams!$A$2:$A$49,0)),"Draw") -> Argentina | O71: L | P71: 4 | Q71: 2
A72: 71 | B72: 2026-06-27 | C72: First Stage | D72: Group K | E72: 12 | F72: =IFERROR(INDEX(Stadiums!$B$2:$B$17,MATCH($E72,Stadiums!$A$2:$A$17,0)),"") -> Miami Stadium | G72: 4 | H72: =IFERROR(INDEX(Teams!$B$2:$B$49,MATCH($G72,Teams!$A$2:$A$49,0)),"") -> Colombia | I72: 23 | J72: =IFERROR(INDEX(Teams!$B$2:$B$49,MATCH($I72,Teams!$A$2:$A$49,0)),"") -> Portugal | K72: 0 | L72: 0 | N72: =IFERROR(INDEX(Teams!$B$2:$B$49,MATCH($M72,Teams!$A$2:$A$49,0)),"Draw") -> Draw | O72: D | P72: 0 | Q72: 0
A73: 72 | B73: 2026-06-27 | C73: First Stage | D73: Group K | E73: 6 | F73: =IFERROR(INDEX(Stadiums!$B$2:$B$17,MATCH($E73,Stadiums!$A$2:$A$17,0)),"") -> Atlanta Stadium | G73: 27 | H73: =IFERROR(INDEX(Teams!$B$2:$B$49,MATCH($G73,Teams!$A$2:$A$49,0)),"") -> Congo DR | I73: 48 | J73: =IFERROR(INDEX(Teams!$B$2:$B$49,MATCH($I73,Teams!$A$2:$A$49,0)),"") -> Uzbekistan | K73: 3 | L73: 1 | M73: 27 | N73: =IFERROR(INDEX(Teams!$B$2:$B$49,MATCH($M73,Teams!$A$2:$A$49,0)),"Draw") -> Congo DR | O73: W | P73: 4 | Q73: 2
A74: 73 | B74: 2026-06-28 | C74: Round of 32 | E74: 11 | F74: =IFERROR(INDEX(Stadiums!$B$2:$B$17,MATCH($E74,Stadiums!$A$2:$A$17,0)),"") -> Los Angeles Stadium | G74: 24 | H74: =IFERROR(INDEX(Teams!$B$2:$B$49,MATCH($G74,Teams!$A$2:$A$49,0)),"") -> South Africa | I74: 16 | J74: =IFERROR(INDEX(Teams!$B$2:$B$49,MATCH($I74,Teams!$A$2:$A$49,0)),"") -> Canada | K74: 0 | L74: 1 | M74: 16 | N74: =IFERROR(INDEX(Teams!$B$2:$B$49,MATCH($M74,Teams!$A$2:$A$49,0)),"Draw") -> Canada | O74: L | P74: 1 | Q74: 1
A75: 74 | B75: 2026-06-29 | C75: Round of 32 | E75: 7 | F75: =IFERROR(INDEX(Stadiums!$B$2:$B$17,MATCH($E75,Stadiums!$A$2:$A$17,0)),"") -> Boston Stadium | G75: 7 | H75: =IFERROR(INDEX(Teams!$B$2:$B$49,MATCH($G75,Teams!$A$2:$A$49,0)),"") -> Germany | I75: 32 | J75: =IFERROR(INDEX(Teams!$B$2:$B$49,MATCH($I75,Teams!$A$2:$A$49,0)),"") -> Paraguay | K75: 1 | L75: 1 | M75: 32 | N75: =IFERROR(INDEX(Teams!$B$2:$B$49,MATCH($M75,Teams!$A$2:$A$49,0)),"Draw") -> Paraguay | O75: L | P75: 2 | Q75: 0
A76: 75 | B76: 2026-06-29 | C76: Round of 32 | E76: 5 | F76: =IFERROR(INDEX(Stadiums!$B$2:$B$17,MATCH($E76,Stadiums!$A$2:$A$17,0)),"") -> Estadio Monterrey | G76: 9 | H76: =IFERROR(INDEX(Teams!$B$2:$B$49,MATCH($G76,Teams!$A$2:$A$49,0)),"") -> Netherlands | I76: 21 | J76: =IFERROR(INDEX(Teams!$B$2:$B$49,MATCH($I76,Teams!$A$2:$A$49,0)),"") -> Morocco | K76: 1 | L76: 1 | M76: 21 | N76: =IFERROR(INDEX(Teams!$B$2:$B$49,MATCH($M76,Teams!$A$2:$A$49,0)),"Draw") -> Morocco | O76: L | P76: 2 | Q76: 0
A77: 76 | B77: 2026-06-29 | C77: Round of 32 | E77: 9 | F77: =IFERROR(INDEX(Stadiums!$B$2:$B$17,MATCH($E77,Stadiums!$A$2:$A$17,0)),"") -> Houston Stadium | G77: 3 | H77: =IFERROR(INDEX(Teams!$B$2:$B$49,MATCH($G77,Teams!$A$2:$A$49,0)),"") -> Brazil | I77: 20 | J77: =IFERROR(INDEX(Teams!$B$2:$B$49,MATCH($I77,Teams!$A$2:$A$49,0)),"") -> Japan | K77: 2 | L77: 1 | M77: 3 | N77: =IFERROR(INDEX(Teams!$B$2:$B$49,MATCH($M77,Teams!$A$2:$A$49,0)),"Draw") -> Brazil | O77: W | P77: 3 | Q77: 1
A78: 77 | B78: 2026-06-30 | C78: Round of 32 | E78: 13 | F78: =IFERROR(INDEX(Stadiums!$B$2:$B$17,MATCH($E78,Stadiums!$A$2:$A$17,0)),"") -> New York New Jersey Stadium | G78: 6 | H78: =IFERROR(INDEX(Teams!$B$2:$B$49,MATCH($G78,Teams!$A$2:$A$49,0)),"") -> France | I78: 35 | J78: =IFERROR(INDEX(Teams!$B$2:$B$49,MATCH($I78,Teams!$A$2:$A$49,0)),"") -> Sweden | K78: 3 | L78: 0 | M78: 6 | N78: =IFERROR(INDEX(Teams!$B$2:$B$49,MATCH($M78,Teams!$A$2:$A$49,0)),"Draw") -> France | O78: W | P78: 3 | Q78: 3
A79: 78 | B79: 2026-06-30 | C79: Round of 32 | E79: 8 | F79: =IFERROR(INDEX(Stadiums!$B$2:$B$17,MATCH($E79,Stadiums!$A$2:$A$17,0)),"") -> Dallas Stadium | G79: 17 | H79: =IFERROR(INDEX(Teams!$B$2:$B$49,MATCH($G79,Teams!$A$2:$A$49,0)),"") -> Côte d'Ivoire | I79: 22 | J79: =IFERROR(INDEX(Teams!$B$2:$B$49,MATCH($I79,Teams!$A$2:$A$49,0)),"") -> Norway | K79: 1 | L79: 2 | M79: 22 | N79: =IFERROR(INDEX(Teams!$B$2:$B$49,MATCH($M79,Teams!$A$2:$A$49,0)),"Draw") -> Norway | O79: L | P79: 3 | Q79: 1
A80: 79 | B80: 2026-06-30 | C80: Round of 32 | E80: 3 | F80: =IFERROR(INDEX(Stadiums!$B$2:$B$17,MATCH($E80,Stadiums!$A$2:$A$17,0)),"") -> Mexico City Stadium | G80: 8 | H80: =IFERROR(INDEX(Teams!$B$2:$B$49,MATCH($G80,Teams!$A$2:$A$49,0)),"") -> Mexico | I80: 28 | J80: =IFERROR(INDEX(Teams!$B$2:$B$49,MATCH($I80,Teams!$A$2:$A$49,0)),"") -> Ecuador | K80: 2 | L80: 0 | M80: 8 | N80: =IFERROR(INDEX(Teams!$B$2:$B$49,MATCH($M80,Teams!$A$2:$A$49,0)),"Draw") -> Mexico | O80: W | P80: 2 | Q80: 2
A81: 80 | B81: 2026-07-01 | C81: Round of 32 | E81: 6 | F81: =IFERROR(INDEX(Stadiums!$B$2:$B$17,MATCH($E81,Stadiums!$A$2:$A$17,0)),"") -> Atlanta Stadium | G81: 5 | H81: =IFERROR(INDEX(Teams!$B$2:$B$49,MATCH($G81,Teams!$A$2:$A$49,0)),"") -> England | I81: 27 | J81: =IFERROR(INDEX(Teams!$B$2:$B$49,MATCH($I81,Teams!$A$2:$A$49,0)),"") -> Congo DR | K81: 2 | L81: 1 | M81: 5 | N81: =IFERROR(INDEX(Teams!$B$2:$B$49,MATCH($M81,Teams!$A$2:$A$49,0)),"Draw") -> England | O81: W | P81: 3 | Q81: 1
A82: 81 | B82: 2026-07-01 | C82: Round of 32 | E82: 15 | F82: =IFERROR(INDEX(Stadiums!$B$2:$B$17,MATCH($E82,Stadiums!$A$2:$A$17,0)),"") -> San Francisco Bay Area Stadium | G82: 12 | H82: =IFERROR(INDEX(Teams!$B$2:$B$49,MATCH($G82,Teams!$A$2:$A$49,0)),"") -> USA | I82: 26 | J82: =IFERROR(INDEX(Teams!$B$2:$B$49,MATCH($I82,Teams!$A$2:$A$49,0)),"") -> Bosnia and Herzegovina | K82: 2 | L82: 0 | M82: 12 | N82: =IFERROR(INDEX(Teams!$B$2:$B$49,MATCH($M82,Teams!$A$2:$A$49,0)),"Draw") -> USA | O82: W | P82: 2 | Q82: 2
A83: 82 | B83: 2026-07-01 | C83: Round of 32 | E83: 16 | F83: =IFERROR(INDEX(Stadiums!$B$2:$B$17,MATCH($E83,Stadiums!$A$2:$A$17,0)),"") -> Seattle Stadium | G83: 2 | H83: =IFERROR(INDEX(Teams!$B$2:$B$49,MATCH($G83,Teams!$A$2:$A$49,0)),"") -> Belgium | I83: 34 | J83: =IFERROR(INDEX(Teams!$B$2:$B$49,MATCH($I83,Teams!$A$2:$A$49,0)),"") -> Senegal | K83: 3 | L83: 2 | M83: 2 | N83: =IFERROR(INDEX(Teams!$B$2:$B$49,MATCH($M83,Teams!$A$2:$A$49,0)),"Draw") -> Belgium | O83: W | P83: 5 | Q83: 1
A84: 83 | B84: 2026-07-02 | C84: Round of 32 | E84: 1 | F84: =IFERROR(INDEX(Stadiums!$B$2:$B$17,MATCH($E84,Stadiums!$A$2:$A$17,0)),"") -> Toronto Stadium | G84: 23 | H84: =IFERROR(INDEX(Teams!$B$2:$B$49,MATCH($G84,Teams!$A$2:$A$49,0)),"") -> Portugal | I84: 18 | J84: =IFERROR(INDEX(Teams!$B$2:$B$49,MATCH($I84,Teams!$A$2:$A$49,0)),"") -> Croatia | K84: 2 | L84: 1 | M84: 23 | N84: =IFERROR(INDEX(Teams!$B$2:$B$49,MATCH($M84,Teams!$A$2:$A$49,0)),"Draw") -> Portugal | O84: W | P84: 3 | Q84: 1
A85: 84 | B85: 2026-07-02 | C85: Round of 32 | E85: 11 | F85: =IFERROR(INDEX(Stadiums!$B$2:$B$17,MATCH($E85,Stadiums!$A$2:$A$17,0)),"") -> Los Angeles Stadium | G85: 10 | H85: =IFERROR(INDEX(Teams!$B$2:$B$49,MATCH($G85,Teams!$A$2:$A$49,0)),"") -> Spain | I85: 14 | J85: =IFERROR(INDEX(Teams!$B$2:$B$49,MATCH($I85,Teams!$A$2:$A$49,0)),"") -> Austria | K85: 3 | L85: 0 | M85: 10 | N85: =IFERROR(INDEX(Teams!$B$2:$B$49,MATCH($M85,Teams!$A$2:$A$49,0)),"Draw") -> Spain | O85: W | P85: 3 | Q85: 3
... A105: 104 | B105: 2026-07-19 | C105: Final | E105: 13 | F105: =IFERROR(INDEX(Stadiums!$B$2:$B$17,MATCH($E105,Stadiums!$A$2:$A$17,0)),"") -> New York New Jersey Stadium | G105: 10 | H105: =IFERROR(INDEX(Teams!$B$2:$B$49,MATCH($G105,Teams!$A$2:$A$49,0)),"") -> Spain | I105: 1 | J105: =IFERROR(INDEX(Teams!$B$2:$B$49,MATCH($I105,Teams!$A$2:$A$49,0)),"") -> Argentina | K105: 1 | L105: 0 | M105: 10 | N105: =IFERROR(INDEX(Teams!$B$2:$B$49,MATCH($M105,Teams!$A$2:$A$49,0)),"Draw") -> Spain | O105: W | P105: 1 | Q105: 1

Sheet MatchTeamStats
A1: MatchID | B1: MatchDate | C1: Stage | D1: GroupName | E1: StadiumID | F1: TeamID | G1: TeamName | H1: OpponentTeamID | I1: OpponentName | J1: TeamGoals | K1: OpponentGoals | L1: TeamResult | M1: Shots | N1: ShotsOnTarget | O1: Possession | P1: Corners | Q1: Fouls | R1: YellowCards | S1: RedCards | T1: Offsides | U1: GoalDifference | V1: Points | W1: CleanSheet
A2: 1 | B2: 2026-06-11 | C2: First Stage | D2: Group A | E2: 3 | F2: 8 | G2: =IFERROR(INDEX(Teams!$B$2:$B$49,MATCH($F2,Teams!$A$2:$A$49,0)),"") -> Mexico | H2: 24 | I2: =IFERROR(INDEX(Teams!$B$2:$B$49,MATCH($H2,Teams!$A$2:$A$49,0)),"") -> South Africa | J2: 2 | K2: 0 | L2: Win | M2: 16 | N2: 4 | O2: 61 | P2: 3 | Q2: 12 | R2: 1 | S2: 1 | T2: 1 | U2: 2 | V2: 3 | W2: =TRUE() -> TRUE
A3: 2 | B3: 2026-06-11 | C3: First Stage | D3: Group A | E3: 4 | F3: 31 | G3: =IFERROR(INDEX(Teams!$B$2:$B$49,MATCH($F3,Teams!$A$2:$A$49,0)),"") -> Korea Republic | H3: 38 | I3: =IFERROR(INDEX(Teams!$B$2:$B$49,MATCH($H3,Teams!$A$2:$A$49,0)),"") -> Czechia | J3: 2 | K3: 1 | L3: Win | M3: 15 | N3: 6 | O3: 62 | P3: 4 | Q3: 9 | R3: 1 | S3: 0 | T3: 2 | U3: 1 | V3: 3 | W3: =FALSE() -> FALSE
A4: 3 | B4: 2026-06-12 | C4: First Stage | D4: Group B | E4: 1 | F4: 16 | G4: =IFERROR(INDEX(Teams!$B$2:$B$49,MATCH($F4,Teams!$A$2:$A$49,0)),"") -> Canada | H4: 26 | I4: =IFERROR(INDEX(Teams!$B$2:$B$49,MATCH($H4,Teams!$A$2:$A$49,0)),"") -> Bosnia and Herzegovina | J4: 1 | K4: 1 | L4: Draw | M4: 13 | N4: 4 | O4: 61 | P4: 9 | Q4: 10 | R4: 2 | S4: 0 | T4: 1 | U4: 0 | V4: 1 | W4: =FALSE() -> FALSE
A5: 4 | B5: 2026-06-12 | C5: First Stage | D5: Group D | E5: 11 | F5: 12 | G5: =IFERROR(INDEX(Teams!$B$2:$B$49,MATCH($F5,Teams!$A$2:$A$49,0)),"") -> USA | H5: 32 | I5: =IFERROR(INDEX(Teams!$B$2:$B$49,MATCH($H5,Teams!$A$2:$A$49,0)),"") -> Paraguay | J5: 4 | K5: 1 | L5: Win | M5: 16 | N5: 6 | O5: 65 | P5: 3 | Q5: 13 | R5: 1 | S5: 0 | T5: 2 | U5: 3 | V5: 3 | W5: =FALSE() -> FALSE
A6: 5 | B6: 2026-06-13 | C6: First Stage | D6: Group C | E6: 7 | F6: 39 | G6: =IFERROR(INDEX(Teams!$B$2:$B$49,MATCH($F6,Teams!$A$2:$A$49,0)),"") -> Haiti | H6: 33 | I6: =IFERROR(INDEX(Teams!$B$2:$B$49,MATCH($H6,Teams!$A$2:$A$49,0)),"") -> Scotland | J6: 0 | K6: 1 | L6: Loss | M6: 15 | N6: 2 | O6: 54 | P6: 4 | Q6: 23 | R6: 1 | S6: 0 | T6: 3 | U6: -1 | V6: 0 | W6: =FALSE() -> FALSE
A7: 6 | B7: 2026-06-13 | C7: First Stage | D7: Group D | E7: 2 | F7: 13 | G7: =IFERROR(INDEX(Teams!$B$2:$B$49,MATCH($F7,Teams!$A$2:$A$49,0)),"") -> Australia | H7: 47 | I7: =IFERROR(INDEX(Teams!$B$2:$B$49,MATCH($H7,Teams!$A$2:$A$49,0)),"") -> Türkiye | J7: 2 | K7: 0 | L7: Win | M7: 9 | N7: 4 | O7: 28 | P7: 5 | Q7: 12 | R7: 0 | S7: 0 | T7: 1 | U7: 2 | V7: 3 | W7: =TRUE() -> TRUE
A8: 7 | B8: 2026-06-13 | C8: First Stage | D8: Group C | E8: 13 | F8: 3 | G8: =IFERROR(INDEX(Teams!$B$2:$B$49,MATCH($F8,Teams!$A$2:$A$49,0)),"") -> Brazil | H8: 21 | I8: =IFERROR(INDEX(Teams!$B$2:$B$49,MATCH($H8,Teams!$A$2:$A$49,0)),"") -> Morocco | J8: 1 | K8: 1 | L8: Draw | M8: 12 | N8: 5 | O8: 51 | P8: 6 | Q8: 16 | R8: 2 | S8: 0 | T8: 0 | U8: 0 | V8: 1 | W8: =FALSE() -> FALSE
A9: 8 | B9: 2026-06-13 | C9: First Stage | D9: Group B | E9: 15 | F9: 44 | G9: =IFERROR(INDEX(Teams!$B$2:$B$49,MATCH($F9,Teams!$A$2:$A$49,0)),"") -> Qatar | H9: 11 | I9: =IFERROR(INDEX(Teams!$B$2:$B$49,MATCH($H9,Teams!$A$2:$A$49,0)),"") -> Switzerland | J9: 1 | K9: 1 | L9: Draw | M9: 6 | N9: 3 | O9: 32 | P9: 3 | Q9: 12 | R9: 2 | S9: 0 | T9: 0 | U9: 0 | V9: 1 | W9: =FALSE() -> FALSE
A10: 9 | B10: 2026-06-14 | C10: First Stage | D10: Group E | E10: 14 | F10: 17 | G10: =IFERROR(INDEX(Teams!$B$2:$B$49,MATCH($F10,Teams!$A$2:$A$49,0)),"") -> Côte d'Ivoire | H10: 28 | I10: =IFERROR(INDEX(Teams!$B$2:$B$49,MATCH($H10,Teams!$A$2:$A$49,0)),"") -> Ecuador | J10: 1 | K10: 0 | L10: Win | M10: 15 | N10: 4 | O10: 48 | P10: 3 | Q10: 10 | R10: 3 | S10: 0 | T10: 0 | U10: 1 | V10: 3 | W10: =TRUE() -> TRUE
A11: 10 | B11: 2026-06-14 | C11: First Stage | D11: Group E | E11: 9 | F11: 7 | G11: =IFERROR(INDEX(Teams!$B$2:$B$49,MATCH($F11,Teams!$A$2:$A$49,0)),"") -> Germany | H11: 37 | I11: =IFERROR(INDEX(Teams!$B$2:$B$49,MATCH($H11,Teams!$A$2:$A$49,0)),"") -> Curaçao | J11: 7 | K11: 1 | L11: Win | M11: 26 | N11: 12 | O11: 65 | P11: 8 | Q11: 18 | R11: 0 | S11: 0 | T11: 0 | U11: 6 | V11: 3 | W11: =FALSE() -> FALSE
A12: 11 | B12: 2026-06-14 | C12: First Stage | D12: Group F | E12: 8 | F12: 9 | G12: =IFERROR(INDEX(Teams!$B$2:$B$49,MATCH($F12,Teams!$A$2:$A$49,0)),"") -> Netherlands | H12: 20 | I12: =IFERROR(INDEX(Teams!$B$2:$B$49,MATCH($H12,Teams!$A$2:$A$49,0)),"") -> Japan | J12: 2 | K12: 2 | L12: Draw | M12: 10 | N12: 6 | O12: 60 | P12: 5 | Q12: 7 | R12: 3 | S12: 0 | T12: 1 | U12: 0 | V12: 1 | W12: =FALSE() -> FALSE
A13: 12 | B13: 2026-06-14 | C13: First Stage | D13: Group F | E13: 5 | F13: 35 | G13: =IFERROR(INDEX(Teams!$B$2:$B$49,MATCH($F13,Teams!$A$2:$A$49,0)),"") -> Sweden | H13: 46 | I13: =IFERROR(INDEX(Teams!$B$2:$B$49,MATCH($H13,Teams!$A$2:$A$49,0)),"") -> Tunisia | J13: 5 | K13: 1 | L13: Win | M13: 13 | N13: 7 | O13: 49 | P13: 4 | Q13: 10 | R13: 0 | S13: 0 | T13: 3 | U13: 4 | V13: 3 | W13: =FALSE() -> FALSE
A14: 13 | B14: 2026-06-15 | C14: First Stage | D14: Group H | E14: 12 | F14: 45 | G14: =IFERROR(INDEX(Teams!$B$2:$B$49,MATCH($F14,Teams!$A$2:$A$49,0)),"") -> Saudi Arabia | H14: 36 | I14: =IFERROR(INDEX(Teams!$B$2:$B$49,MATCH($H14,Teams!$A$2:$A$49,0)),"") -> Uruguay | J14: 1 | K14: 1 | L14: Draw | M14: 7 | N14: 3 | O14: 33 | P14: 4 | Q14: 11 | R14: 1 | S14: 0 | T14: 0 | U14: 0 | V14: 1 | W14: =FALSE() -> FALSE
A15: 14 | B15: 2026-06-15 | C15: First Stage | D15: Group H | E15: 6 | F15: 10 | G15: =IFERROR(INDEX(Teams!$B$2:$B$49,MATCH($F15,Teams!$A$2:$A$49,0)),"") -> Spain | H15: 15 | I15: =IFERROR(INDEX(Teams!$B$2:$B$49,MATCH($H15,Teams!$A$2:$A$49,0)),"") -> Cabo Verde | J15: 0 | K15: 0 | L15: Draw | M15: 27 | N15: 7 | O15: 74 | P15: 11 | Q15: 10 | R15: 1 | S15: 0 | T15: 2 | U15: 0 | V15: 1 | W15: =TRUE() -> TRUE
A16: 15 | B16: 2026-06-15 | C16: First Stage | D16: Group G | E16: 11 | F16: 30 | G16: =IFERROR(INDEX(Teams!$B$2:$B$49,MATCH($F16,Teams!$A$2:$A$49,0)),"") -> IR Iran | H16: 42 | I16: =IFERROR(INDEX(Teams!$B$2:$B$49,MATCH($H16,Teams!$A$2:$A$49,0)),"") -> New Zealand | J16: 2 | K16: 2 | L16: Draw | M16: 17 | N16: 4 | O16: 49 | P16: 4 | Q16: 10 | R16: 1 | S16: 0 | T16: 2 | U16: 0 | V16: 1 | W16: =FALSE() -> FALSE
A17: 16 | B17: 2026-06-15 | C17: First Stage | D17: Group G | E17: 16 | F17: 2 | G17: =IFERROR(INDEX(Teams!$B$2:$B$49,MATCH($F17,Teams!$A$2:$A$49,0)),"") -> Belgium | H17: 19 | I17: =IFERROR(INDEX(Teams!$B$2:$B$49,MATCH($H17,Teams!$A$2:$A$49,0)),"") -> Egypt | J17: 1 | K17: 1 | L17: Draw | M17: 15 | N17: 3 | O17: 54 | P17: 2 | Q17: 15 | R17: 2 | S17: 0 | T17: 0 | U17: 0 | V17: 1 | W17: =FALSE() -> FALSE
A18: 17 | B18: 2026-06-16 | C18: First Stage | D18: Group I | E18: 13 | F18: 6 | G18: =IFERROR(INDEX(Teams!$B$2:$B$49,MATCH($F18,Teams!$A$2:$A$49,0)),"") -> France | H18: 34 | I18: =IFERROR(INDEX(Teams!$B$2:$B$49,MATCH($H18,Teams!$A$2:$A$49,0)),"") -> Senegal | J18: 3 | K18: 1 | L18: Win | M18: 11 | N18: 8 | O18: 53 | P18: 6 | Q18: 5 | R18: 0 | S18: 0 | T18: 1 | U18: 2 | V18: 3 | W18: =FALSE() -> FALSE
A19: 18 | B19: 2026-06-16 | C19: First Stage | D19: Group I | E19: 7 | F19: 40 | G19: =IFERROR(INDEX(Teams!$B$2:$B$49,MATCH($F19,Teams!$A$2:$A$49,0)),"") -> Iraq | H19: 22 | I19: =IFERROR(INDEX(Teams!$B$2:$B$49,MATCH($H19,Teams!$A$2:$A$49,0)),"") -> Norway | J19: 1 | K19: 4 | L19: Loss | M19: 11 | N19: 1 | O19: 39 | P19: 2 | Q19: 12 | R19: 1 | S19: 0 | T19: 1 | U19: -3 | V19: 0 | W19: =FALSE() -> FALSE
A20: 19 | B20: 2026-06-16 | C20: First Stage | D20: Group J | E20: 10 | F20: 1 | G20: =IFERROR(INDEX(Teams!$B$2:$B$49,MATCH($F20,Teams!$A$2:$A$49,0)),"") -> Argentina | H20: 25 | I20: =IFERROR(INDEX(Teams!$B$2:$B$49,MATCH($H20,Teams!$A$2:$A$49,0)),"") -> Algeria | J20: 3 | K20: 0 | L20: Win | M20: 10 | N20: 6 | O20: 48 | P20: 2 | Q20: 13 | R20: 0 | S20: 0 | T20: 3 | U20: 3 | V20: 3 | W20: =TRUE() -> TRUE
A21: 20 | B21: 2026-06-16 | C21: First Stage | D21: Group J | E21: 15 | F21: 14 | G21: =IFERROR(INDEX(Teams!$B$2:$B$49,MATCH($F21,Teams!$A$2:$A$49,0)),"") -> Austria | H21: 41 | I21: =IFERROR(INDEX(Teams!$B$2:$B$49,MATCH($H21,Teams!$A$2:$A$49,0)),"") -> Jordan | J21: 3 | K21: 1 | L21: Win | M21: 11 | N21: 4 | O21: 63 | P21: 4 | Q21: 12 | R21: 1 | S21: 0 | T21: 3 | U21: 2 | V21: 3 | W21: =FALSE() -> FALSE
A22: 21 | B22: 2026-06-17 | C22: First Stage | D22: Group L | E22: 1 | F22: 29 | G22: =IFERROR(INDEX(Teams!$B$2:$B$49,MATCH($F22,Teams!$A$2:$A$49,0)),"") -> Ghana | H22: 43 | I22: =IFERROR(INDEX(Teams!$B$2:$B$49,MATCH($H22,Teams!$A$2:$A$49,0)),"") -> Panama | J22: 1 | K22: 0 | L22: Win | M22: 7 | N22: 2 | O22: 38 | P22: 2 | Q22: 9 | R22: 1 | S22: 0 | T22: 4 | U22: 1 | V22: 3 | W22: =TRUE() -> TRUE
A23: 22 | B23: 2026-06-17 | C23: First Stage | D23: Group L | E23: 8 | F23: 5 | G23: =IFERROR(INDEX(Teams!$B$2:$B$49,MATCH($F23,Teams!$A$2:$A$49,0)),"") -> England | H23: 18 | I23: =IFERROR(INDEX(Teams!$B$2:$B$49,MATCH($H23,Teams!$A$2:$A$49,0)),"") -> Croatia | J23: 4 | K23: 2 | L23: Win | M23: 22 | N23: 11 | O23: 52 | P23: 8 | Q23: 10 | R23: 0 | S23: 0 | T23: 0 | U23: 2 | V23: 3 | W23: =FALSE() -> FALSE
A24: 23 | B24: 2026-06-17 | C24: First Stage | D24: Group K | E24: 9 | F24: 23 | G24: =IFERROR(INDEX(Teams!$B$2:$B$49,MATCH($F24,Teams!$A$2:$A$49,0)),"") -> Portugal | H24: 27 | I24: =IFERROR(INDEX(Teams!$B$2:$B$49,MATCH($H24,Teams!$A$2:$A$49,0)),"") -> Congo DR | J24: 1 | K24: 1 | L24: Draw | M24: 7 | N24: 1 | O24: 75 | P24: 5 | Q24: 9 | R24: 3 | S24: 0 | T24: 3 | U24: 0 | V24: 1 | W24: =FALSE() -> FALSE
A25: 24 | B25: 2026-06-17 | C25: First Stage | D25: Group K | E25: 3 | F25: 48 | G25: =IFERROR(INDEX(Teams!$B$2:$B$49,MATCH($F25,Teams!$A$2:$A$49,0)),"") -> Uzbekistan | H25: 4 | I25: =IFERROR(INDEX(Teams!$B$2:$B$49,MATCH($H25,Teams!$A$2:$A$49,0)),"") -> Colombia | J25: 1 | K25: 3 | L25: Loss | M25: 8 | N25: 2 | O25: 39 | P25: 3 | Q25: 14 | R25: 1 | S25: 0 | T25: 0 | U25: -2 | V25: 0 | W25: =FALSE() -> FALSE
A26: 25 | B26: 2026-06-18 | C26: First Stage | D26: Group A | E26: 6 | F26: 38 | G26: =IFERROR(INDEX(Teams!$B$2:$B$49,MATCH($F26,Teams!$A$2:$A$49,0)),"") -> Czechia | H26: 24 | I26: =IFERROR(INDEX(Teams!$B$2:$B$49,MATCH($H26,Teams!$A$2:$A$49,0)),"") -> South Africa | J26: 1 | K26: 1 | L26: Draw | M26: 14 | N26: 3 | O26: 38 | P26: 5 | Q26: 12 | R26: 1 | S26: 0 | T26: 2 | U26: 0 | V26: 1 | W26: =FALSE() -> FALSE
A27: 26 | B27: 2026-06-18 | C27: First Stage | D27: Group B | E27: 11 | F27: 11 | G27: =IFERROR(INDEX(Teams!$B$2:$B$49,MATCH($F27,Teams!$A$2:$A$49,0)),"") -> Switzerland | H27: 26 | I27: =IFERROR(INDEX(Teams!$B$2:$B$49,MATCH($H27,Teams!$A$2:$A$49,0)),"") -> Bosnia and Herzegovina | J27: 4 | K27: 1 | L27: Win | M27: 13 | N27: 7 | O27: 62 | P27: 7 | Q27: 7 | R27: 1 | S27: 0 | T27: 3 | U27: 3 | V27: 3 | W27: =FALSE() -> FALSE
A28: 27 | B28: 2026-06-18 | C28: First Stage | D28: Group B | E28: 2 | F28: 16 | G28: =IFERROR(INDEX(Teams!$B$2:$B$49,MATCH($F28,Teams!$A$2:$A$49,0)),"") -> Canada | H28: 44 | I28: =IFERROR(INDEX(Teams!$B$2:$B$49,MATCH($H28,Teams!$A$2:$A$49,0)),"") -> Qatar | J28: 6 | K28: 0 | L28: Win | M28: 32 | N28: 10 | O28: 79 | P28: 19 | Q28: 9 | R28: 1 | S28: 0 | T28: 1 | U28: 6 | V28: 3 | W28: =TRUE() -> TRUE
A29: 28 | B29: 2026-06-18 | C29: First Stage | D29: Group A | E29: 4 | F29: 8 | G29: =IFERROR(INDEX(Teams!$B$2:$B$49,MATCH($F29,Teams!$A$2:$A$49,0)),"") -> Mexico | H29: 31 | I29: =IFERROR(INDEX(Teams!$B$2:$B$49,MATCH($H29,Teams!$A$2:$A$49,0)),"") -> Korea Republic | J29: 1 | K29: 0 | L29: Win | M29: 8 | N29: 4 | O29: 42 | P29: 1 | Q29: 9 | R29: 0 | S29: 0 | T29: 3 | U29: 1 | V29: 3 | W29: =TRUE() -> TRUE
A30: 29 | B30: 2026-06-19 | C30: First Stage | D30: Group C | E30: 14 | F30: 3 | G30: =IFERROR(INDEX(Teams!$B$2:$B$49,MATCH($F30,Teams!$A$2:$A$49,0)),"") -> Brazil | H30: 39 | I30: =IFERROR(INDEX(Teams!$B$2:$B$49,MATCH($H30,Teams!$A$2:$A$49,0)),"") -> Haiti | J30: 3 | K30: 0 | L30: Win | M30: 8 | N30: 5 | O30: 57 | P30: 4 | Q30: 13 | R30: 1 | S30: 0 | T30: 8 | U30: 3 | V30: 3 | W30: =TRUE() -> TRUE
A31: 30 | B31: 2026-06-19 | C31: First Stage | D31: Group C | E31: 7 | F31: 33 | G31: =IFERROR(INDEX(Teams!$B$2:$B$49,MATCH($F31,Teams!$A$2:$A$49,0)),"") -> Scotland | H31: 21 | I31: =IFERROR(INDEX(Teams!$B$2:$B$49,MATCH($H31,Teams!$A$2:$A$49,0)),"") -> Morocco | J31: 0 | K31: 1 | L31: Loss | M31: 6 | N31: 0 | O31: 41 | P31: 2 | Q31: 11 | R31: 1 | S31: 0 | T31: 1 | U31: -1 | V31: 0 | W31: =FALSE() -> FALSE
A32: 31 | B32: 2026-06-19 | C32: First Stage | D32: Group D | E32: 15 | F32: 47 | G32: =IFERROR(INDEX(Teams!$B$2:$B$49,MATCH($F32,Teams!$A$2:$A$49,0)),"") -> Türkiye | H32: 32 | I32: =IFERROR(INDEX(Teams!$B$2:$B$49,MATCH($H32,Teams!$A$2:$A$49,0)),"") -> Paraguay | J32: 0 | K32: 1 | L32: Loss | M32: 32 | N32: 5 | O32: 79 | P32: 12 | Q32: 14 | R32: 1 | S32: 0 | T32: 2 | U32: -1 | V32: 0 | W32: =FALSE() -> FALSE
A33: 32 | B33: 2026-06-19 | C33: First Stage | D33: Group D | E33: 16 | F33: 12 | G33: =IFERROR(INDEX(Teams!$B$2:$B$49,MATCH($F33,Teams!$A$2:$A$49,0)),"") -> USA | H33: 13 | I33: =IFERROR(INDEX(Teams!$B$2:$B$49,MATCH($H33,Teams!$A$2:$A$49,0)),"") -> Australia | J33: 2 | K33: 0 | L33: Win | M33: 10 | N33: 2 | O33: 62 | P33: 7 | Q33: 12 | R33: 3 | S33: 0 | T33: 1 | U33: 2 | V33: 3 | W33: =TRUE() -> TRUE
A34: 33 | B34: 2026-06-20 | C34: First Stage | D34: Group E | E34: 1 | F34: 7 | G34: =IFERROR(INDEX(Teams!$B$2:$B$49,MATCH($F34,Teams!$A$2:$A$49,0)),"") -> Germany | H34: 17 | I34: =IFERROR(INDEX(Teams!$B$2:$B$49,MATCH($H34,Teams!$A$2:$A$49,0)),"") -> Côte d'Ivoire | J34: 2 | K34: 1 | L34: Win | M34: 16 | N34: 7 | O34: 60 | P34: 8 | Q34: 5 | R34: 0 | S34: 0 | T34: 0 | U34: 1 | V34: 3 | W34: =FALSE() -> FALSE
A35: 34 | B35: 2026-06-20 | C35: First Stage | D35: Group E | E35: 10 | F35: 28 | G35: =IFERROR(INDEX(Teams!$B$2:$B$49,MATCH($F35,Teams!$A$2:$A$49,0)),"") -> Ecuador | H35: 37 | I35: =IFERROR(INDEX(Teams!$B$2:$B$49,MATCH($H35,Teams!$A$2:$A$49,0)),"") -> Curaçao | J35: 0 | K35: 0 | L35: Draw | M35: 27 | N35: 15 | O35: 75 | P35: 9 | Q35: 7 | R35: 1 | S35: 0 | T35: 1 | U35: 0 | V35: 1 | W35: =TRUE() -> TRUE
A36: 35 | B36: 2026-06-20 | C36: First Stage | D36: Group F | E36: 9 | F36: 9 | G36: =IFERROR(INDEX(Teams!$B$2:$B$49,MATCH($F36,Teams!$A$2:$A$49,0)),"") -> Netherlands | H36: 35 | I36: =IFERROR(INDEX(Teams!$B$2:$B$49,MATCH($H36,Teams!$A$2:$A$49,0)),"") -> Sweden | J36: 5 | K36: 1 | L36: Win | M36: 10 | N36: 7 | O36: 51 | P36: 2 | Q36: 9 | R36: 0 | S36: 0 | T36: 3 | U36: 4 | V36: 3 | W36: =FALSE() -> FALSE
A37: 36 | B37: 2026-06-20 | C37: First Stage | D37: Group F | E37: 5 | F37: 46 | G37: =IFERROR(INDEX(Teams!$B$2:$B$49,MATCH($F37,Teams!$A$2:$A$49,0)),"") -> Tunisia | H37: 20 | I37: =IFERROR(INDEX(Teams!$B$2:$B$49,MATCH($H37,Teams!$A$2:$A$49,0)),"") -> Japan | J37: 0 | K37: 4 | L37: Loss | M37: 2 | N37: 0 | O37: 38 | P37: 3 | Q37: 8 | R37: 0 | S37: 0 | T37: 1 | U37: -4 | V37: 0 | W37: =FALSE() -> FALSE
A38: 37 | B38: 2026-06-21 | C38: First Stage | D38: Group H | E38: 12 | F38: 36 | G38: =IFERROR(INDEX(Teams!$B$2:$B$49,MATCH($F38,Teams!$A$2:$A$49,0)),"") -> Uruguay | H38: 15 | I38: =IFERROR(INDEX(Teams!$B$2:$B$49,MATCH($H38,Teams!$A$2:$A$49,0)),"") -> Cabo Verde | J38: 2 | K38: 2 | L38: Draw | M38: 17 | N38: 2 | O38: 65 | P38: 11 | Q38: 11 | R38: 2 | S38: 0 | T38: 3 | U38: 0 | V38: 1 | W38: =FALSE() -> FALSE
A39: 38 | B39: 2026-06-21 | C39: First Stage | D39: Group H | E39: 6 | F39: 10 | G39: =IFERROR(INDEX(Teams!$B$2:$B$49,MATCH($F39,Teams!$A$2:$A$49,0)),"") -> Spain | H39: 45 | I39: =IFERROR(INDEX(Teams!$B$2:$B$49,MATCH($H39,Teams!$A$2:$A$49,0)),"") -> Saudi Arabia | J39: 4 | K39: 0 | L39: Win | M39: 22 | N39: 8 | O39: 67 | P39: 6 | Q39: 10 | R39: 0 | S39: 0 | T39: 2 | U39: 4 | V39: 3 | W39: =TRUE() -> TRUE
A40: 39 | B40: 2026-06-21 | C40: First Stage | D40: Group G | E40: 11 | F40: 2 | G40: =IFERROR(INDEX(Teams!$B$2:$B$49,MATCH($F40,Teams!$A$2:$A$49,0)),"") -> Belgium | H40: 30 | I40: =IFERROR(INDEX(Teams!$B$2:$B$49,MATCH($H40,Teams!$A$2:$A$49,0)),"") -> IR Iran | J40: 0 | K40: 0 | L40: Draw | M40: 23 | N40: 7 | O40: 70 | P40: 4 | Q40: 7 | R40: 1 | S40: 1 | T40: 3 | U40: 0 | V40: 1 | W40: =TRUE() -> TRUE
A41: 40 | B41: 2026-06-21 | C41: First Stage | D41: Group G | E41: 2 | F41: 42 | G41: =IFERROR(INDEX(Teams!$B$2:$B$49,MATCH($F41,Teams!$A$2:$A$49,0)),"") -> New Zealand | H41: 19 | I41: =IFERROR(INDEX(Teams!$B$2:$B$49,MATCH($H41,Teams!$A$2:$A$49,0)),"") -> Egypt | J41: 1 | K41: 3 | L41: Loss | M41: 11 | N41: 5 | O41: 44 | P41: 4 | Q41: 14 | R41: 2 | S41: 0 | T41: 3 | U41: -2 | V41: 0 | W41: =FALSE() -> FALSE
A42: 41 | B42: 2026-06-22 | C42: First Stage | D42: Group I | E42: 13 | F42: 22 | G42: =IFERROR(INDEX(Teams!$B$2:$B$49,MATCH($F42,Teams!$A$2:$A$49,0)),"") -> Norway | H42: 34 | I42: =IFERROR(INDEX(Teams!$B$2:$B$49,MATCH($H42,Teams!$A$2:$A$49,0)),"") -> Senegal | J42: 3 | K42: 2 | L42: Win | M42: 13 | N42: 7 | O42: 42 | P42: 5 | Q42: 13 | R42: 0 | S42: 0 | T42: 0 | U42: 1 | V42: 3 | W42: =FALSE() -> FALSE
A43: 42 | B43: 2026-06-22 | C43: First Stage | D43: Group I | E43: 14 | F43: 6 | G43: =IFERROR(INDEX(Teams!$B$2:$B$49,MATCH($F43,Teams!$A$2:$A$49,0)),"") -> France | H43: 40 | I43: =IFERROR(INDEX(Teams!$B$2:$B$49,MATCH($H43,Teams!$A$2:$A$49,0)),"") -> Iraq | J43: 3 | K43: 0 | L43: Win | M43: 19 | N43: 5 | O43: 56 | P43: 4 | Q43: 8 | R43: 0 | S43: 0 | T43: 1 | U43: 3 | V43: 3 | W43: =TRUE() -> TRUE
A44: 43 | B44: 2026-06-22 | C44: First Stage | D44: Group J | E44: 8 | F44: 1 | G44: =IFERROR(INDEX(Teams!$B$2:$B$49,MATCH($F44,Teams!$A$2:$A$49,0)),"") -> Argentina | H44: 14 | I44: =IFERROR(INDEX(Teams!$B$2:$B$49,MATCH($H44,Teams!$A$2:$A$49,0)),"") -> Austria | J44: 2 | K44: 0 | L44: Win | M44: 12 | N44: 5 | O44: 54 | P44: 1 | Q44: 13 | R44: 2 | S44: 0 | T44: 2 | U44: 2 | V44: 3 | W44: =TRUE() -> TRUE
A45: 44 | B45: 2026-06-22 | C45: First Stage | D45: Group J | E45: 15 | F45: 41 | G45: =IFERROR(INDEX(Teams!$B$2:$B$49,MATCH($F45,Teams!$A$2:$A$49,0)),"") -> Jordan | H45: 25 | I45: =IFERROR(INDEX(Teams!$B$2:$B$49,MATCH($H45,Teams!$A$2:$A$49,0)),"") -> Algeria | J45: 1 | K45: 2 | L45: Loss | M45: 8 | N45: 4 | O45: 28 | P45: 1 | Q45: 11 | R45: 1 | S45: 0 | T45: 1 | U45: -1 | V45: 0 | W45: =FALSE() -> FALSE
A46: 45 | B46: 2026-06-23 | C46: First Stage | D46: Group L | E46: 7 | F46: 5 | G46: =IFERROR(INDEX(Teams!$B$2:$B$49,MATCH($F46,Teams!$A$2:$A$49,0)),"") -> England | H46: 29 | I46: =IFERROR(INDEX(Teams!$B$2:$B$49,MATCH($H46,Teams!$A$2:$A$49,0)),"") -> Ghana | J46: 0 | K46: 0 | L46: Draw | M46: 19 | N46: 3 | O46: 79 | P46: 9 | Q46: 14 | R46: 1 | S46: 0 | T46: 2 | U46: 0 | V46: 1 | W46: =TRUE() -> TRUE
A47: 46 | B47: 2026-06-23 | C47: First Stage | D47: Group L | E47: 1 | F47: 43 | G47: =IFERROR(INDEX(Teams!$B$2:$B$49,MATCH($F47,Teams!$A$2:$A$49,0)),"") -> Panama | H47: 18 | I47: =IFERROR(INDEX(Teams!$B$2:$B$49,MATCH($H47,Teams!$A$2:$A$49,0)),"") -> Croatia | J47: 0 | K47: 1 | L47: Loss | M47: 8 | N47: 1 | O47: 42 | P47: 7 | Q47: 19 | R47: 1 | S47: 0 | T47: 1 | U47: -1 | V47: 0 | W47: =FALSE() -> FALSE
A48: 47 | B48: 2026-06-23 | C48: First Stage | D48: Group K | E48: 9 | F48: 23 | G48: =IFERROR(INDEX(Teams!$B$2:$B$49,MATCH($F48,Teams!$A$2:$A$49,0)),"") -> Portugal | H48: 48 | I48: =IFERROR(INDEX(Teams!$B$2:$B$49,MATCH($H48,Teams!$A$2:$A$49,0)),"") -> Uzbekistan | J48: 5 | K48: 0 | L48: Win | M48: 17 | N48: 9 | O48: 66 | P48: 3 | Q48: 14 | R48: 1 | S48: 0 | T48: 2 | U48: 5 | V48: 3 | W48: =TRUE() -> TRUE
A49: 48 | B49: 2026-06-23 | C49: First Stage | D49: Group K | E49: 4 | F49: 4 | G49: =IFERROR(INDEX(Teams!$B$2:$B$49,MATCH($F49,Teams!$A$2:$A$49,0)),"") -> Colombia | H49: 27 | I49: =IFERROR(INDEX(Teams!$B$2:$B$49,MATCH($H49,Teams!$A$2:$A$49,0)),"") -> Congo DR | J49: 1 | K49: 0 | L49: Win | M49: 20 | N49: 9 | O49: 64 | P49: 5 | Q49: 12 | R49: 2 | S49: 0 | T49: 7 | U49: 1 | V49: 3 | W49: =TRUE() -> TRUE
A50: 49 | B50: 2026-06-24 | C50: First Stage | D50: Group C | E50: 12 | F50: 33 | G50: =IFERROR(INDEX(Teams!$B$2:$B$49,MATCH($F50,Teams!$A$2:$A$49,0)),"") -> Scotland | H50: 3 | I50: =IFERROR(INDEX(Teams!$B$2:$B$49,MATCH($H50,Teams!$A$2:$A$49,0)),"") -> Brazil | J50: 0 | K50: 3 | L50: Loss | M50: 14 | N50: 5 | O50: 46 | P50: 7 | Q50: 10 | R50: 1 | S50: 0 | T50: 0 | U50: -3 | V50: 0 | W50: =FALSE() -> FALSE
A51: 50 | B51: 2026-06-24 | C51: First Stage | D51: Group C | E51: 6 | F51: 21 | G51: =IFERROR(INDEX(Teams!$B$2:$B$49,MATCH($F51,Teams!$A$2:$A$49,0)),"") -> Morocco | H51: 39 | I51: =IFERROR(INDEX(Teams!$B$2:$B$49,MATCH($H51,Teams!$A$2:$A$49,0)),"") -> Haiti | J51: 4 | K51: 2 | L51: Win | M51: 22 | N51: 11 | O51: 69 | P51: 9 | Q51: 10 | R51: 0 | S51: 0 | T51: 5 | U51: 2 | V51: 3 | W51: =FALSE() -> FALSE
A52: 51 | B52: 2026-06-24 | C52: First Stage | D52: Group B | E52: 2 | F52: 11 | G52: =IFERROR(INDEX(Teams!$B$2:$B$49,MATCH($F52,Teams!$A$2:$A$49,0)),"") -> Switzerland | H52: 16 | I52: =IFERROR(INDEX(Teams!$B$2:$B$49,MATCH($H52,Teams!$A$2:$A$49,0)),"") -> Canada | J52: 2 | K52: 1 | L52: Win | M52: 6 | N52: 4 | O52: 55 | P52: 2 | Q52: 19 | R52: 1 | S52: 0 | T52: 1 | U52: 1 | V52: 3 | W52: =FALSE() -> FALSE
A53: 52 | B53: 2026-06-24 | C53: First Stage | D53: Group B | E53: 16 | F53: 26 | G53: =IFERROR(INDEX(Teams!$B$2:$B$49,MATCH($F53,Teams!$A$2:$A$49,0)),"") -> Bosnia and Herzegovina | H53: 44 | I53: =IFERROR(INDEX(Teams!$B$2:$B$49,MATCH($H53,Teams!$A$2:$A$49,0)),"") -> Qatar | J53: 3 | K53: 1 | L53: Win | M53: 14 | N53: 5 | O53: 54 | P53: 5 | Q53: 9 | R53: 1 | S53: 0 | T53: 1 | U53: 2 | V53: 3 | W53: =FALSE() -> FALSE
A54: 53 | B54: 2026-06-24 | C54: First Stage | D54: Group A | E54: 3 | F54: 38 | G54: =IFERROR(INDEX(Teams!$B$2:$B$49,MATCH($F54,Teams!$A$2:$A$49,0)),"") -> Czechia | H54: 8 | I54: =IFERROR(INDEX(Teams!$B$2:$B$49,MATCH($H54,Teams!$A$2:$A$49,0)),"") -> Mexico | J54: 0 | K54: 3 | L54: Loss | M54: 13 | N54: 1 | O54: 52 | P54: 5 | Q54: 9 | R54: 0 | S54: 0 | T54: 1 | U54: -3 | V54: 0 | W54: =FALSE() -> FALSE
A55: 54 | B55: 2026-06-24 | C55: First Stage | D55: Group A | E55: 5 | F55: 24 | G55: =IFERROR(INDEX(Teams!$B$2:$B$49,MATCH($F55,Teams!$A$2:$A$49,0)),"") -> South Africa | H55: 31 | I55: =IFERROR(INDEX(Teams!$B$2:$B$49,MATCH($H55,Teams!$A$2:$A$49,0)),"") -> Korea Republic | J55: 1 | K55: 0 | L55: Win | M55: 13 | N55: 4 | O55: 32 | P55: 4 | Q55: 7 | R55: 1 | S55: 0 | T55: 3 | U55: 1 | V55: 3 | W55: =TRUE() -> TRUE
A56: 55 | B56: 2026-06-25 | C56: First Stage | D56: Group E | E56: 14 | F56: 37 | G56: =IFERROR(INDEX(Teams!$B$2:$B$49,MATCH($F56,Teams!$A$2:$A$49,0)),"") -> Curaçao | H56: 17 | I56: =IFERROR(INDEX(Teams!$B$2:$B$49,MATCH($H56,Teams!$A$2:$A$49,0)),"") -> Côte d'Ivoire | J56: 0 | K56: 2 | L56: Loss | M56: 11 | N56: 2 | O56: 37 | P56: 4 | Q56: 11 | R56: 2 | S56: 0 | T56: 2 | U56: -2 | V56: 0 | W56: =FALSE() -> FALSE
A57: 56 | B57: 2026-06-25 | C57: First Stage | D57: Group E | E57: 13 | F57: 28 | G57: =IFERROR(INDEX(Teams!$B$2:$B$49,MATCH($F57,Teams!$A$2:$A$49,0)),"") -> Ecuador | H57: 7 | I57: =IFERROR(INDEX(Teams!$B$2:$B$49,MATCH($H57,Teams!$A$2:$A$49,0)),"") -> Germany | J57: 2 | K57: 1 | L57: Win | M57: 7 | N57: 3 | O57: 39 | P57: 3 | Q57: 15 | R57: 3 | S57: 0 | T57: 1 | U57: 1 | V57: 3 | W57: =FALSE() -> FALSE
A58: 57 | B58: 2026-06-25 | C58: First Stage | D58: Group F | E58: 8 | F58: 20 | G58: =IFERROR(INDEX(Teams!$B$2:$B$49,MATCH($F58,Teams!$A$2:$A$49,0)),"") -> Japan | H58: 35 | I58: =IFERROR(INDEX(Teams!$B$2:$B$49,MATCH($H58,Teams!$A$2:$A$49,0)),"") -> Sweden | J58: 1 | K58: 1 | L58: Draw | M58: 8 | N58: 3 | O58: 52 | P58: 2 | Q58: 20 | R58: 1 | S58: 0 | T58: 3 | U58: 0 | V58: 1 | W58: =FALSE() -> FALSE
A59: 58 | B59: 2026-06-25 | C59: First Stage | D59: Group F | E59: 10 | F59: 46 | G59: =IFERROR(INDEX(Teams!$B$2:$B$49,MATCH($F59,Teams!$A$2:$A$49,0)),"") -> Tunisia | H59: 9 | I59: =IFERROR(INDEX(Teams!$B$2:$B$49,MATCH($H59,Teams!$A$2:$A$49,0)),"") -> Netherlands | J59: 1 | K59: 3 | L59: Loss | M59: 10 | N59: 4 | O59: 29 | P59: 4 | Q59: 11 | R59: 0 | S59: 0 | T59: 2 | U59: -2 | V59: 0 | W59: =FALSE() -> FALSE
A60: 59 | B60: 2026-06-25 | C60: First Stage | D60: Group D | E60: 11 | F60: 47 | G60: =IFERROR(INDEX(Teams!$B$2:$B$49,MATCH($F60,Teams!$A$2:$A$49,0)),"") -> Türkiye | H60: 12 | I60: =IFERROR(INDEX(Teams!$B$2:$B$49,MATCH($H60,Teams!$A$2:$A$49,0)),"") -> USA | J60: 3 | K60: 2 | L60: Win | M60: 9 | N60: 3 | O60: 47 | P60: 2 | Q60: 13 | R60: 0 | S60: 0 | T60: 2 | U60: 1 | V60: 3 | W60: =FALSE() -> FALSE
A61: 60 | B61: 2026-06-25 | C61: First Stage | D61: Group D | E61: 15 | F61: 32 | G61: =IFERROR(INDEX(Teams!$B$2:$B$49,MATCH($F61,Teams!$A$2:$A$49,0)),"") -> Paraguay | H61: 13 | I61: =IFERROR(INDEX(Teams!$B$2:$B$49,MATCH($H61,Teams!$A$2:$A$49,0)),"") -> Australia | J61: 0 | K61: 0 | L61: Draw | M61: 7 | N61: 2 | O61: 44 | P61: 1 | Q61: 9 | R61: 1 | S61: 0 | T61: 0 | U61: 0 | V61: 1 | W61: =TRUE() -> TRUE
A62: 61 | B62: 2026-06-26 | C62: First Stage | D62: Group I | E62: 7 | F62: 22 | G62: =IFERROR(INDEX(Teams!$B$2:$B$49,MATCH($F62,Teams!$A$2:$A$49,0)),"") -> Norway | H62: 6 | I62: =IFERROR(INDEX(Teams!$B$2:$B$49,MATCH($H62,Teams!$A$2:$A$49,0)),"") -> France | J62: 1 | K62: 4 | L62: Loss | M62: 10 | N62: 4 | O62: 43 | P62: 4 | Q62: 9 | R62: 1 | S62: 0 | T62: 1 | U62: -3 | V62: 0 | W62: =FALSE() -> FALSE
A63: 62 | B63: 2026-06-26 | C63: First Stage | D63: Group I | E63: 1 | F63: 34 | G63: =IFERROR(INDEX(Teams!$B$2:$B$49,MATCH($F63,Teams!$A$2:$A$49,0)),"") -> Senegal | H63: 40 | I63: =IFERROR(INDEX(Teams!$B$2:$B$49,MATCH($H63,Teams!$A$2:$A$49,0)),"") -> Iraq | J63: 5 | K63: 0 | L63: Win | M63: 28 | N63: 12 | O63: 69 | P63: 12 | Q63: 10 | R63: 2 | S63: 0 | T63: 1 | U63: 5 | V63: 3 | W63: =TRUE() -> TRUE
A64: 63 | B64: 2026-06-26 | C64: First Stage | D64: Group G | E64: 16 | F64: 19 | G64: =IFERROR(INDEX(Teams!$B$2:$B$49,MATCH($F64,Teams!$A$2:$A$49,0)),"") -> Egypt | H64: 30 | I64: =IFERROR(INDEX(Teams!$B$2:$B$49,MATCH($H64,Teams!$A$2:$A$49,0)),"") -> IR Iran | J64: 1 | K64: 1 | L64: Draw | M64: 15 | N64: 3 | O64: 61 | P64: 8 | Q64: 11 | R64: 3 | S64: 0 | T64: 0 | U64: 0 | V64: 1 | W64: =FALSE() -> FALSE
A65: 64 | B65: 2026-06-26 | C65: First Stage | D65: Group G | E65: 2 | F65: 42 | G65: =IFERROR(INDEX(Teams!$B$2:$B$49,MATCH($F65,Teams!$A$2:$A$49,0)),"") -> New Zealand | H65: 2 | I65: =IFERROR(INDEX(Teams!$B$2:$B$49,MATCH($H65,Teams!$A$2:$A$49,0)),"") -> Belgium | J65: 1 | K65: 5 | L65: Loss | M65: 6 | N65: 2 | O65: 46 | P65: 5 | Q65: 10 | R65: 2 | S65: 0 | T65: 1 | U65: -4 | V65: 0 | W65: =FALSE() -> FALSE
A66: 65 | B66: 2026-06-26 | C66: First Stage | D66: Group H | E66: 9 | F66: 15 | G66: =IFERROR(INDEX(Teams!$B$2:$B$49,MATCH($F66,Teams!$A$2:$A$49,0)),"") -> Cabo Verde | H66: 45 | I66: =IFERROR(INDEX(Teams!$B$2:$B$49,MATCH($H66,Teams!$A$2:$A$49,0)),"") -> Saudi Arabia | J66: 0 | K66: 0 | L66: Draw | M66: 15 | N66: 2 | O66: 51 | P66: 4 | Q66: 10 | R66: 1 | S66: 0 | T66: 2 | U66: 0 | V66: 1 | W66: =TRUE() -> TRUE
A67: 66 | B67: 2026-06-26 | C67: First Stage | D67: Group H | E67: 4 | F67: 36 | G67: =IFERROR(INDEX(Teams!$B$2:$B$49,MATCH($F67,Teams!$A$2:$A$49,0)),"") -> Uruguay | H67: 10 | I67: =IFERROR(INDEX(Teams!$B$2:$B$49,MATCH($H67,Teams!$A$2:$A$49,0)),"") -> Spain | J67: 0 | K67: 1 | L67: Loss | M67: 5 | N67: 1 | O67: 33 | P67: 1 | Q67: 14 | R67: 3 | S67: 1 | T67: 5 | U67: -1 | V67: 0 | W67: =FALSE() -> FALSE
A68: 67 | B68: 2026-06-27 | C68: First Stage | D68: Group L | E68: 13 | F68: 43 | G68: =IFERROR(INDEX(Teams!$B$2:$B$49,MATCH($F68,Teams!$A$2:$A$49,0)),"") -> Panama | H68: 5 | I68: =IFERROR(INDEX(Teams!$B$2:$B$49,MATCH($H68,Teams!$A$2:$A$49,0)),"") -> England | J68: 0 | K68: 2 | L68: Loss | M68: 13 | N68: 2 | O68: 33 | P68: 3 | Q68: 16 | R68: 2 | S68: 0 | T68: 4 | U68: -2 | V68: 0 | W68: =FALSE() -> FALSE
A69: 68 | B69: 2026-06-27 | C69: First Stage | D69: Group L | E69: 14 | F69: 18 | G69: =IFERROR(INDEX(Teams!$B$2:$B$49,MATCH($F69,Teams!$A$2:$A$49,0)),"") -> Croatia | H69: 29 | I69: =IFERROR(INDEX(Teams!$B$2:$B$49,MATCH($H69,Teams!$A$2:$A$49,0)),"") -> Ghana | J69: 2 | K69: 1 | L69: Win | M69: 8 | N69: 4 | O69: 53 | P69: 3 | Q69: 9 | R69: 1 | S69: 0 | T69: 1 | U69: 1 | V69: 3 | W69: =FALSE() -> FALSE
A70: 69 | B70: 2026-06-27 | C70: First Stage | D70: Group J | E70: 10 | F70: 25 | G70: =IFERROR(INDEX(Teams!$B$2:$B$49,MATCH($F70,Teams!$A$2:$A$49,0)),"") -> Algeria | H70: 14 | I70: =IFERROR(INDEX(Teams!$B$2:$B$49,MATCH($H70,Teams!$A$2:$A$49,0)),"") -> Austria | J70: 3 | K70: 3 | L70: Draw | M70: 12 | N70: 5 | O70: 65 | P70: 0 | Q70: 3 | R70: 0 | S70: 0 | T70: 1 | U70: 0 | V70: 1 | W70: =FALSE() -> FALSE
A71: 70 | B71: 2026-06-27 | C71: First Stage | D71: Group J | E71: 8 | F71: 41 | G71: =IFERROR(INDEX(Teams!$B$2:$B$49,MATCH($F71,Teams!$A$2:$A$49,0)),"") -> Jordan | H71: 1 | I71: =IFERROR(INDEX(Teams!$B$2:$B$49,MATCH($H71,Teams!$A$2:$A$49,0)),"") -> Argentina | J71: 1 | K71: 3 | L71: Loss | M71: 5 | N71: 1 | O71: 27 | P71: 2 | Q71: 13 | R71: 3 | S71: 0 | T71: 1 | U71: -2 | V71: 0 | W71: =FALSE() -> FALSE
A72: 71 | B72: 2026-06-27 | C72: First Stage | D72: Group K | E72: 12 | F72: 4 | G72: =IFERROR(INDEX(Teams!$B$2:$B$49,MATCH($F72,Teams!$A$2:$A$49,0)),"") -> Colombia | H72: 23 | I72: =IFERROR(INDEX(Teams!$B$2:$B$49,MATCH($H72,Teams!$A$2:$A$49,0)),"") -> Portugal | J72: 0 | K72: 0 | L72: Draw | M72: 24 | N72: 6 | O72: 55 | P72: 5 | Q72: 12 | R72: 1 | S72: 0 | T72: 3 | U72: 0 | V72: 1 | W72: =TRUE() -> TRUE
A73: 72 | B73: 2026-06-27 | C73: First Stage | D73: Group K | E73: 6 | F73: 27 | G73: =IFERROR(INDEX(Teams!$B$2:$B$49,MATCH($F73,Teams!$A$2:$A$49,0)),"") -> Congo DR | H73: 48 | I73: =IFERROR(INDEX(Teams!$B$2:$B$49,MATCH($H73,Teams!$A$2:$A$49,0)),"") -> Uzbekistan | J73: 3 | K73: 1 | L73: Win | M73: 19 | N73: 4 | O73: 58 | P73: 2 | Q73: 6 | R73: 3 | S73: 0 | T73: 3 | U73: 2 | V73: 3 | W73: =FALSE() -> FALSE
A74: 73 | B74: 2026-06-28 | C74: Round of 32 | E74: 11 | F74: 24 | G74: =IFERROR(INDEX(Teams!$B$2:$B$49,MATCH($F74,Teams!$A$2:$A$49,0)),"") -> South Africa | H74: 16 | I74: =IFERROR(INDEX(Teams!$B$2:$B$49,MATCH($H74,Teams!$A$2:$A$49,0)),"") -> Canada | J74: 0 | K74: 1 | L74: Loss | M74: 6 | N74: 1 | O74: 58 | P74: 1 | Q74: 10 | R74: 0 | S74: 0 | T74: 1 | U74: -1 | V74: 0 | W74: =FALSE() -> FALSE
A75: 74 | B75: 2026-06-29 | C75: Round of 32 | E75: 7 | F75: 7 | G75: =IFERROR(INDEX(Teams!$B$2:$B$49,MATCH($F75,Teams!$A$2:$A$49,0)),"") -> Germany | H75: 32 | I75: =IFERROR(INDEX(Teams!$B$2:$B$49,MATCH($H75,Teams!$A$2:$A$49,0)),"") -> Paraguay | J75: 1 | K75: 1 | L75: Draw | M75: 21 | N75: 6 | O75: 76 | P75: 16 | Q75: 18 | R75: 2 | S75: 0 | T75: 4 | U75: 0 | V75: 1 | W75: =FALSE() -> FALSE
A76: 75 | B76: 2026-06-29 | C76: Round of 32 | E76: 5 | F76: 9 | G76: =IFERROR(INDEX(Teams!$B$2:$B$49,MATCH($F76,Teams!$A$2:$A$49,0)),"") -> Netherlands | H76: 21 | I76: =IFERROR(INDEX(Teams!$B$2:$B$49,MATCH($H76,Teams!$A$2:$A$49,0)),"") -> Morocco | J76: 1 | K76: 1 | L76: Draw | M76: 6 | N76: 2 | O76: 30 | P76: 5 | Q76: 18 | R76: 0 | S76: 0 | T76: 3 | U76: 0 | V76: 1 | W76: =FALSE() -> FALSE
A77: 76 | B77: 2026-06-29 | C77: Round of 32 | E77: 9 | F77: 3 | G77: =IFERROR(INDEX(Teams!$B$2:$B$49,MATCH($F77,Teams!$A$2:$A$49,0)),"") -> Brazil | H77: 20 | I77: =IFERROR(INDEX(Teams!$B$2:$B$49,MATCH($H77,Teams!$A$2:$A$49,0)),"") -> Japan | J77: 2 | K77: 1 | L77: Win | M77: 19 | N77: 7 | O77: 69 | P77: 6 | Q77: 4 | R77: 2 | S77: 0 | T77: 1 | U77: 1 | V77: 3 | W77: =FALSE() -> FALSE
A78: 77 | B78: 2026-06-30 | C78: Round of 32 | E78: 13 | F78: 6 | G78: =IFERROR(INDEX(Teams!$B$2:$B$49,MATCH($F78,Teams!$A$2:$A$49,0)),"") -> France | H78: 35 | I78: =IFERROR(INDEX(Teams!$B$2:$B$49,MATCH($H78,Teams!$A$2:$A$49,0)),"") -> Sweden | J78: 3 | K78: 0 | L78: Win | M78: 25 | N78: 12 | O78: 61 | P78: 9 | Q78: 14 | R78: 0 | S78: 0 | T78: 3 | U78: 3 | V78: 3 | W78: =TRUE() -> TRUE
A79: 78 | B79: 2026-06-30 | C79: Round of 32 | E79: 8 | F79: 17 | G79: =IFERROR(INDEX(Teams!$B$2:$B$49,MATCH($F79,Teams!$A$2:$A$49,0)),"") -> Côte d'Ivoire | H79: 22 | I79: =IFERROR(INDEX(Teams!$B$2:$B$49,MATCH($H79,Teams!$A$2:$A$49,0)),"") -> Norway | J79: 1 | K79: 2 | L79: Loss | M79: 14 | N79: 5 | O79: 47 | P79: 14 | Q79: 6 | R79: 0 | S79: 0 | T79: 2 | U79: -1 | V79: 0 | W79: =FALSE() -> FALSE
A80: 79 | B80: 2026-06-30 | C80: Round of 32 | E80: 3 | F80: 8 | G80: =IFERROR(INDEX(Teams!$B$2:$B$49,MATCH($F80,Teams!$A$2:$A$49,0)),"") -> Mexico | H80: 28 | I80: =IFERROR(INDEX(Teams!$B$2:$B$49,MATCH($H80,Teams!$A$2:$A$49,0)),"") -> Ecuador | J80: 2 | K80: 0 | L80: Win | M80: 15 | N80: 3 | O80: 43 | P80: 3 | Q80: 10 | R80: 0 | S80: 0 | T80: 0 | U80: 2 | V80: 3 | W80: =TRUE() -> TRUE
A81: 80 | B81: 2026-07-01 | C81: Round of 32 | E81: 6 | F81: 5 | G81: =IFERROR(INDEX(Teams!$B$2:$B$49,MATCH($F81,Teams!$A$2:$A$49,0)),"") -> England | H81: 27 | I81: =IFERROR(INDEX(Teams!$B$2:$B$49,MATCH($H81,Teams!$A$2:$A$49,0)),"") -> Congo DR | J81: 2 | K81: 1 | L81: Win | M81: 16 | N81: 7 | O81: 60 | P81: 5 | Q81: 10 | R81: 1 | S81: 0 | T81: 0 | U81: 1 | V81: 3 | W81: =FALSE() -> FALSE
A82: 81 | B82: 2026-07-01 | C82: Round of 32 | E82: 15 | F82: 12 | G82: =IFERROR(INDEX(Teams!$B$2:$B$49,MATCH($F82,Teams!$A$2:$A$49,0)),"") -> USA | H82: 26 | I82: =IFERROR(INDEX(Teams!$B$2:$B$49,MATCH($H82,Teams!$A$2:$A$49,0)),"") -> Bosnia and Herzegovina | J82: 2 | K82: 0 | L82: Win | M82: 8 | N82: 2 | O82: 48 | P82: 4 | Q82: 7 | R82: 0 | S82: 1 | T82: 3 | U82: 2 | V82: 3 | W82: =TRUE() -> TRUE
A83: 82 | B83: 2026-07-01 | C83: Round of 32 | E83: 16 | F83: 2 | G83: =IFERROR(INDEX(Teams!$B$2:$B$49,MATCH($F83,Teams!$A$2:$A$49,0)),"") -> Belgium | H83: 34 | I83: =IFERROR(INDEX(Teams!$B$2:$B$49,MATCH($H83,Teams!$A$2:$A$49,0)),"") -> Senegal | J83: 3 | K83: 2 | L83: Win | M83: 19 | N83: 5 | O83: 52 | P83: 4 | Q83: 22 | R83: 1 | S83: 0 | T83: 2 | U83: 1 | V83: 3 | W83: =FALSE() -> FALSE
A84: 83 | B84: 2026-07-02 | C84: Round of 32 | E84: 1 | F84: 23 | G84: =IFERROR(INDEX(Teams!$B$2:$B$49,MATCH($F84,Teams!$A$2:$A$49,0)),"") -> Portugal | H84: 18 | I84: =IFERROR(INDEX(Teams!$B$2:$B$49,MATCH($H84,Teams!$A$2:$A$49,0)),"") -> Croatia | J84: 2 | K84: 1 | L84: Win | M84: 15 | N84: 3 | O84: 60 | P84: 9 | Q84: 6 | R84: 1 | S84: 0 | T84: 1 | U84: 1 | V84: 3 | W84: =FALSE() -> FALSE
A85: 84 | B85: 2026-07-02 | C85: Round of 32 | E85: 11 | F85: 10 | G85: =IFERROR(INDEX(Teams!$B$2:$B$49,MATCH($F85,Teams!$A$2:$A$49,0)),"") -> Spain | H85: 14 | I85: =IFERROR(INDEX(Teams!$B$2:$B$49,MATCH($H85,Teams!$A$2:$A$49,0)),"") -> Austria | J85: 3 | K85: 0 | L85: Win | M85: 23 | N85: 10 | O85: 64 | P85: 9 | Q85: 8 | R85: 0 | S85: 0 | T85: 2 | U85: 3 | V85: 3 | W85: =TRUE() -> TRUE
A86: 85 | B86: 2026-07-02 | C86: Round of 32 | E86: 2 | F86: 11 | G86: =IFERROR(INDEX(Teams!$B$2:$B$49,MATCH($F86,Teams!$A$2:$A$49,0)),"") -> Switzerland | H86: 25 | I86: =IFERROR(INDEX(Teams!$B$2:$B$49,MATCH($H86,Teams!$A$2:$A$49,0)),"") -> Algeria | J86: 2 | K86: 0 | L86: Win | M86: 11 | N86: 5 | O86: 45 | P86: 4 | Q86: 10 | R86: 0 | S86: 0 | T86: 0 | U86: 2 | V86: 3 | W86: =TRUE() -> TRUE
A87: 86 | B87: 2026-07-03 | C87: Round of 32 | E87: 12 | F87: 1 | G87: =IFERROR(INDEX(Teams!$B$2:$B$49,MATCH($F87,Teams!$A$2:$A$49,0)),"") -> Argentina | H87: 15 | I87: =IFERROR(INDEX(Teams!$B$2:$B$49,MATCH($H87,Teams!$A$2:$A$49,0)),"") -> Cabo Verde | J87: 3 | K87: 2 | L87: Win | M87: 22 | N87: 10 | O87: 64 | P87: 8 | Q87: 13 | R87: 1 | S87: 0 | T87: 3 | U87: 1 | V87: 3 | W87: =FALSE() -> FALSE
A88: 87 | B88: 2026-07-03 | C88: Round of 32 | E88: 10 | F88: 4 | G88: =IFERROR(INDEX(Teams!$B$2:$B$49,MATCH($F88,Teams!$A$2:$A$49,0)),"") -> Colombia | H88: 29 | I88: =IFERROR(INDEX(Teams!$B$2:$B$49,MATCH($H88,Teams!$A$2:$A$49,0)),"") -> Ghana | J88: 1 | K88: 0 | L88: Win | M88: 20 | N88: 8 | O88: 61 | P88: 3 | Q88: 14 | R88: 2 | S88: 0 | T88: 2 | U88: 1 | V88: 3 | W88: =TRUE() -> TRUE
A89: 88 | B89: 2026-07-03 | C89: Round of 32 | E89: 8 | F89: 13 | G89: =IFERROR(INDEX(Teams!$B$2:$B$49,MATCH($F89,Teams!$A$2:$A$49,0)),"") -> Australia | H89: 19 | I89: =IFERROR(INDEX(Teams!$B$2:$B$49,MATCH($H89,Teams!$A$2:$A$49,0)),"") -> Egypt | J89: 1 | K89: 1 | L89: Draw | M89: 16 | N89: 1 | O89: 42 | P89: 4 | Q89: 12 | R89: 0 | S89: 0 | T89: 0 | U89: 0 | V89: 1 | W89: =FALSE() -> FALSE
A90: 89 | B90: 2026-07-04 | C90: Round of 16 | E90: 14 | F90: 32 | G90: =IFERROR(INDEX(Teams!$B$2:$B$49,MATCH($F90,Teams!$A$2:$A$49,0)),"") -> Paraguay | H90: 6 | I90: =IFERROR(INDEX(Teams!$B$2:$B$49,MATCH($H90,Teams!$A$2:$A$49,0)),"") -> France | J90: 0 | K90: 1 | L90: Loss | M90: 5 | N90: 1 | O90: 24 | P90: 2 | Q90: 13 | R90: 0 | S90: 0 | T90: 0 | U90: -1 | V90: 0 | W90: =FALSE() -> FALSE
A91: 90 | B91: 2026-07-04 | C91: Round of 16 | E91: 9 | F91: 16 | G91: =IFERROR(INDEX(Teams!$B$2:$B$49,MATCH($F91,Teams!$A$2:$A$49,0)),"") -> Canada | H91: 21 | I91: =IFERROR(INDEX(Teams!$B$2:$B$49,MATCH($H91,Teams!$A$2:$A$49,0)),"") -> Morocco | J91: 0 | K91: 3 | L91: Loss | M91: 10 | N91: 3 | O91: 45 | P91: 11 | Q91: 24 | R91: 4 | S91: 0 | T91: 2 | U91: -3 | V91: 0 | W91: =FALSE() -> FALSE
A92: 91 | B92: 2026-07-05 | C92: Round of 16 | E92: 13 | F92: 3 | G92: =IFERROR(INDEX(Teams!$B$2:$B$49,MATCH($F92,Teams!$A$2:$A$49,0)),"") -> Brazil | H92: 22 | I92: =IFERROR(INDEX(Teams!$B$2:$B$49,MATCH($H92,Teams!$A$2:$A$49,0)),"") -> Norway | J92: 1 | K92: 2 | L92: Loss | M92: 14 | N92: 4 | O92: 34 | P92: 5 | Q92: 7 | R92: 1 | S92: 0 | T92: 1 | U92: -1 | V92: 0 | W92: =FALSE() -> FALSE
A93: 92 | B93: 2026-07-05 | C93: Round of 16 | E93: 3 | F93: 8 | G93: =IFERROR(INDEX(Teams!$B$2:$B$49,MATCH($F93,Teams!$A$2:$A$49,0)),"") -> Mexico | H93: 5 | I93: =IFERROR(INDEX(Teams!$B$2:$B$49,MATCH($H93,Teams!$A$2:$A$49,0)),"") -> England | J93: 2 | K93: 3 | L93: Loss | M93: 20 | N93: 5 | O93: 67 | P93: 12 | Q93: 14 | R93: 2 | S93: 0 | T93: 1 | U93: -1 | V93: 0 | W93: =FALSE() -> FALSE
A94: 93 | B94: 2026-07-06 | C94: Round of 16 | E94: 8 | F94: 23 | G94: =IFERROR(INDEX(Teams!$B$2:$B$49,MATCH($F94,Teams!$A$2:$A$49,0)),"") -> Portugal | H94: 10 | I94: =IFERROR(INDEX(Teams!$B$2:$B$49,MATCH($H94,Teams!$A$2:$A$49,0)),"") -> Spain | J94: 0 | K94: 1 | L94: Loss | M94: 10 | N94: 2 | O94: 45 | P94: 3 | Q94: 9 | R94: 2 | S94: 0 | T94: 2 | U94: -1 | V94: 0 | W94: =FALSE() -> FALSE
A95: 94 | B95: 2026-07-06 | C95: Round of 16 | E95: 16 | F95: 12 | G95: =IFERROR(INDEX(Teams!$B$2:$B$49,MATCH($F95,Teams!$A$2:$A$49,0)),"") -> USA | H95: 2 | I95: =IFERROR(INDEX(Teams!$B$2:$B$49,MATCH($H95,Teams!$A$2:$A$49,0)),"") -> Belgium | J95: 1 | K95: 4 | L95: Loss | M95: 7 | N95: 2 | O95: 56 | P95: 3 | Q95: 11 | R95: 2 | S95: 0 | T95: 0 | U95: -3 | V95: 0 | W95: =FALSE() -> FALSE
A96: 95 | B96: 2026-07-07 | C96: Round of 16 | E96: 6 | F96: 1 | G96: =IFERROR(INDEX(Teams!$B$2:$B$49,MATCH($F96,Teams!$A$2:$A$49,0)),"") -> Argentina | H96: 19 | I96: =IFERROR(INDEX(Teams!$B$2:$B$49,MATCH($H96,Teams!$A$2:$A$49,0)),"") -> Egypt | J96: 3 | K96: 2 | L96: Win | M96: 19 | N96: 7 | O96: 64 | P96: 6 | Q96: 13 | R96: 0 | S96: 0 | T96: 3 | U96: 1 | V96: 3 | W96: =FALSE() -> FALSE
A97: 96 | B97: 2026-07-07 | C97: Round of 16 | E97: 2 | F97: 11 | G97: =IFERROR(INDEX(Teams!$B$2:$B$49,MATCH($F97,Teams!$A$2:$A$49,0)),"") -> Switzerland | H97: 4 | I97: =IFERROR(INDEX(Teams!$B$2:$B$49,MATCH($H97,Teams!$A$2:$A$49,0)),"") -> Colombia | J97: 0 | K97: 0 | L97: Draw | M97: 7 | N97: 2 | O97: 53 | P97: 3 | Q97: 22 | R97: 3 | S97: 0 | T97: 5 | U97: 0 | V97: 1 | W97: =TRUE() -> TRUE
A98: 97 | B98: 2026-07-09 | C98: Quarter-final | E98: 7 | F98: 6 | G98: =IFERROR(INDEX(Teams!$B$2:$B$49,MATCH($F98,Teams!$A$2:$A$49,0)),"") -> France | H98: 21 | I98: =IFERROR(INDEX(Teams!$B$2:$B$49,MATCH($H98,Teams!$A$2:$A$49,0)),"") -> Morocco | J98: 2 | K98: 0 | L98: Win | M98: 22 | N98: 8 | O98: 48 | P98: 5 | Q98: 10 | R98: 0 | S98: 0 | T98: 0 | U98: 2 | V98: 3 | W98: =TRUE() -> TRUE
A99: 98 | B99: 2026-07-10 | C99: Quarter-final | E99: 11 | F99: 10 | G99: =IFERROR(INDEX(Teams!$B$2:$B$49,MATCH($F99,Teams!$A$2:$A$49,0)),"") -> Spain | H99: 2 | I99: =IFERROR(INDEX(Teams!$B$2:$B$49,MATCH($H99,Teams!$A$2:$A$49,0)),"") -> Belgium | J99: 2 | K99: 1 | L99: Win | M99: 17 | N99: 8 | O99: 68 | P99: 5 | Q99: 13 | R99: 2 | S99: 0 | T99: 3 | U99: 1 | V99: 3 | W99: =FALSE() -> FALSE
A100: 99 | B100: 2026-07-11 | C100: Quarter-final | E100: 12 | F100: 22 | G100: =IFERROR(INDEX(Teams!$B$2:$B$49,MATCH($F100,Teams!$A$2:$A$49,0)),"") -> Norway | H100: 5 | I100: =IFERROR(INDEX(Teams!$B$2:$B$49,MATCH($H100,Teams!$A$2:$A$49,0)),"") -> England | J100: 1 | K100: 2 | L100: Loss | M100: 13 | N100: 4 | O100: 48 | P100: 7 | Q100: 10 | R100: 1 | S100: 0 | T100: 1 | U100: -1 | V100: 0 | W100: =FALSE() -> FALSE
...

Sheet Goals
A1: GoalID | B1: MatchID | C1: PlayerID | D1: PlayerName | E1: TeamID | F1: TeamName | G1: Minute | H1: GoalType | I1: Stage
A2: 1 | B2: 1 | C2: 718 | D2: =IFERROR(INDEX(Players!$B$2:$B$1249,MATCH($C2,Players!$A$2:$A$1249,0)),"") -> Julian Quinones | E2: 8 | F2: =IFERROR(INDEX(Teams!$B$2:$B$49,MATCH($E2,Teams!$A$2:$A$49,0)),"") -> Mexico | G2: 9 | I2: =IFERROR(INDEX(Matches!$C$2:$C$105,MATCH($B2,Matches!$A$2:$A$105,0)),"") -> First Stage
A3: 2 | B3: 1 | C3: 711 | D3: =IFERROR(INDEX(Players!$B$2:$B$1249,MATCH($C3,Players!$A$2:$A$1249,0)),"") -> Raul Jimenez | E3: 8 | F3: =IFERROR(INDEX(Teams!$B$2:$B$49,MATCH($E3,Teams!$A$2:$A$49,0)),"") -> Mexico | G3: 67 | I3: =IFERROR(INDEX(Matches!$C$2:$C$105,MATCH($B3,Matches!$A$2:$A$105,0)),"") -> First Stage
A4: 3 | B4: 2 | C4: 682 | D4: =IFERROR(INDEX(Players!$B$2:$B$1249,MATCH($C4,Players!$A$2:$A$1249,0)),"") -> Inbeom Hwang | E4: 31 | F4: =IFERROR(INDEX(Teams!$B$2:$B$49,MATCH($E4,Teams!$A$2:$A$49,0)),"") -> Korea Republic | G4: 67 | I4: =IFERROR(INDEX(Matches!$C$2:$C$105,MATCH($B4,Matches!$A$2:$A$105,0)),"") -> First Stage
A5: 4 | B5: 2 | C5: 694 | D5: =IFERROR(INDEX(Players!$B$2:$B$1249,MATCH($C5,Players!$A$2:$A$1249,0)),"") -> Hyeongyu Oh | E5: 31 | F5: =IFERROR(INDEX(Teams!$B$2:$B$49,MATCH($E5,Teams!$A$2:$A$49,0)),"") -> Korea Republic | G5: 80 | I5: =IFERROR(INDEX(Matches!$C$2:$C$105,MATCH($B5,Matches!$A$2:$A$105,0)),"") -> First Stage
A6: 5 | B6: 2 | C6: 371 | D6: =IFERROR(INDEX(Players!$B$2:$B$1249,MATCH($C6,Players!$A$2:$A$1249,0)),"") -> Ladislav Krejci | E6: 38 | F6: =IFERROR(INDEX(Teams!$B$2:$B$49,MATCH($E6,Teams!$A$2:$A$49,0)),"") -> Czechia | G6: 59 | I6: =IFERROR(INDEX(Matches!$C$2:$C$105,MATCH($B6,Matches!$A$2:$A$105,0)),"") -> First Stage
A7: 6 | B7: 25 | C7: 382 | D7: =IFERROR(INDEX(Players!$B$2:$B$1249,MATCH($C7,Players!$A$2:$A$1249,0)),"") -> Michal Sadilek | E7: 38 | F7: =IFERROR(INDEX(Teams!$B$2:$B$49,MATCH($E7,Teams!$A$2:$A$49,0)),"") -> Czechia | G7: 6 | I7: =IFERROR(INDEX(Matches!$C$2:$C$105,MATCH($B7,Matches!$A$2:$A$105,0)),"") -> First Stage
A8: 7 | B8: 25 | C8: 1018 | D8: =IFERROR(INDEX(Players!$B$2:$B$1249,MATCH($C8,Players!$A$2:$A$1249,0)),"") -> Teboho Mokoena | E8: 24 | F8: =IFERROR(INDEX(Teams!$B$2:$B$49,MATCH($E8,Teams!$A$2:$A$49,0)),"") -> South Africa | G8: 83 | H8: Penalty | I8: =IFERROR(INDEX(Matches!$C$2:$C$105,MATCH($B8,Matches!$A$2:$A$105,0)),"") -> First Stage
A9: 8 | B9: 28 | C9: 709 | D9: =IFERROR(INDEX(Players!$B$2:$B$1249,MATCH($C9,Players!$A$2:$A$1249,0)),"") -> Luis Romo | E9: 8 | F9: =IFERROR(INDEX(Teams!$B$2:$B$49,MATCH($E9,Teams!$A$2:$A$49,0)),"") -> Mexico | G9: 50 | I9: =IFERROR(INDEX(Matches!$C$2:$C$105,MATCH($B9,Matches!$A$2:$A$105,0)),"") -> First Stage
A10: 9 | B10: 53 | C10: 722 | D10: =IFERROR(INDEX(Players!$B$2:$B$1249,MATCH($C10,Players!$A$2:$A$1249,0)),"") -> Mateo Chavez | E10: 8 | F10: =IFERROR(INDEX(Teams!$B$2:$B$49,MATCH($E10,Teams!$A$2:$A$49,0)),"") -> Mexico | G10: 55 | I10: =IFERROR(INDEX(Matches!$C$2:$C$105,MATCH($B10,Matches!$A$2:$A$105,0)),"") -> First Stage
A11: 10 | B11: 53 | C11: 718 | D11: =IFERROR(INDEX(Players!$B$2:$B$1249,MATCH($C11,Players!$A$2:$A$1249,0)),"") -> Julian Quinones | E11: 8 | F11: =IFERROR(INDEX(Teams!$B$2:$B$49,MATCH($E11,Teams!$A$2:$A$49,0)),"") -> Mexico | G11: 61 | I11: =IFERROR(INDEX(Matches!$C$2:$C$105,MATCH($B11,Matches!$A$2:$A$105,0)),"") -> First Stage
A12: 11 | B12: 53 | C12: 710 | D12: =IFERROR(INDEX(Players!$B$2:$B$1249,MATCH($C12,Players!$A$2:$A$1249,0)),"") -> Alvaro Fidalgo | E12: 8 | F12: =IFERROR(INDEX(Teams!$B$2:$B$49,MATCH($E12,Teams!$A$2:$A$49,0)),"") -> Mexico | G12: 90+4 | I12: =IFERROR(INDEX(Matches!$C$2:$C$105,MATCH($B12,Matches!$A$2:$A$105,0)),"") -> First Stage
A13: 12 | B13: 54 | C13: 1026 | D13: =IFERROR(INDEX(Players!$B$2:$B$1249,MATCH($C13,Players!$A$2:$A$1249,0)),"") -> Thapelo Maseko | E13: 24 | F13: =IFERROR(INDEX(Teams!$B$2:$B$49,MATCH($E13,Teams!$A$2:$A$49,0)),"") -> South Africa | G13: 63 | I13: =IFERROR(INDEX(Matches!$C$2:$C$105,MATCH($B13,Matches!$A$2:$A$105,0)),"") -> First Stage
A14: 13 | B14: 3 | C14: 217 | D14: =IFERROR(INDEX(Players!$B$2:$B$1249,MATCH($C14,Players!$A$2:$A$1249,0)),"") -> Cyle Larin | E14: 16 | F14: =IFERROR(INDEX(Teams!$B$2:$B$49,MATCH($E14,Teams!$A$2:$A$49,0)),"") -> Canada | G14: 78 | I14: =IFERROR(INDEX(Matches!$C$2:$C$105,MATCH($B14,Matches!$A$2:$A$105,0)),"") -> First Stage
A15: 14 | B15: 3 | C15: 155 | D15: =IFERROR(INDEX(Players!$B$2:$B$1249,MATCH($C15,Players!$A$2:$A$1249,0)),"") -> Jovo Lukic | E15: 26 | F15: =IFERROR(INDEX(Teams!$B$2:$B$49,MATCH($E15,Teams!$A$2:$A$49,0)),"") -> Bosnia and Herzegovina | G15: 21 | I15: =IFERROR(INDEX(Matches!$C$2:$C$105,MATCH($B15,Matches!$A$2:$A$105,0)),"") -> First Stage
A16: 15 | B16: 8 | C16: 1094 | D16: =IFERROR(INDEX(Players!$B$2:$B$1249,MATCH($C16,Players!$A$2:$A$1249,0)),"") -> Miro Muheim | E16: 44 | F16: =IFERROR(INDEX(Teams!$B$2:$B$49,MATCH($E16,Teams!$A$2:$A$49,0)),"") -> Qatar | G16: 90+4 | H16: Own Goal | I16: =IFERROR(INDEX(Matches!$C$2:$C$105,MATCH($B16,Matches!$A$2:$A$105,0)),"") -> First Stage
A17: 16 | B17: 8 | C17: 1099 | D17: =IFERROR(INDEX(Players!$B$2:$B$1249,MATCH($C17,Players!$A$2:$A$1249,0)),"") -> Breel Embolo | E17: 11 | F17: =IFERROR(INDEX(Teams!$B$2:$B$49,MATCH($E17,Teams!$A$2:$A$49,0)),"") -> Switzerland | G17: 17 | H17: Penalty | I17: =IFERROR(INDEX(Matches!$C$2:$C$105,MATCH($B17,Matches!$A$2:$A$105,0)),"") -> First Stage
A18: 17 | B18: 26 | C18: 1101 | D18: =IFERROR(INDEX(Players!$B$2:$B$1249,MATCH($C18,Players!$A$2:$A$1249,0)),"") -> Johan Manzambi | E18: 11 | F18: =IFERROR(INDEX(Teams!$B$2:$B$49,MATCH($E18,Teams!$A$2:$A$49,0)),"") -> Switzerland | G18: 74 | I18: =IFERROR(INDEX(Matches!$C$2:$C$105,MATCH($B18,Matches!$A$2:$A$105,0)),"") -> First Stage
A19: 18 | B19: 26 | C19: 1109 | D19: =IFERROR(INDEX(Players!$B$2:$B$1249,MATCH($C19,Players!$A$2:$A$1249,0)),"") -> Ruben Vargas | E19: 11 | F19: =IFERROR(INDEX(Teams!$B$2:$B$49,MATCH($E19,Teams!$A$2:$A$49,0)),"") -> Switzerland | G19: 84 | I19: =IFERROR(INDEX(Matches!$C$2:$C$105,MATCH($B19,Matches!$A$2:$A$105,0)),"") -> First Stage
A20: 19 | B20: 26 | C20: 1101 | D20: =IFERROR(INDEX(Players!$B$2:$B$1249,MATCH($C20,Players!$A$2:$A$1249,0)),"") -> Johan Manzambi | E20: 11 | F20: =IFERROR(INDEX(Teams!$B$2:$B$49,MATCH($E20,Teams!$A$2:$A$49,0)),"") -> Switzerland | G20: 90 | I20: =IFERROR(INDEX(Matches!$C$2:$C$105,MATCH($B20,Matches!$A$2:$A$105,0)),"") -> First Stage
A21: 20 | B21: 26 | C21: 1102 | D21: =IFERROR(INDEX(Players!$B$2:$B$1249,MATCH($C21,Players!$A$2:$A$1249,0)),"") -> Granit Xhaka | E21: 11 | F21: =IFERROR(INDEX(Teams!$B$2:$B$49,MATCH($E21,Teams!$A$2:$A$49,0)),"") -> Switzerland | G21: 90+7 | H21: Penalty | I21: =IFERROR(INDEX(Matches!$C$2:$C$105,MATCH($B21,Matches!$A$2:$A$105,0)),"") -> First Stage
A22: 21 | B22: 26 | C22: 156 | D22: =IFERROR(INDEX(Players!$B$2:$B$1249,MATCH($C22,Players!$A$2:$A$1249,0)),"") -> Ermin Mahmic | E22: 26 | F22: =IFERROR(INDEX(Teams!$B$2:$B$49,MATCH($E22,Teams!$A$2:$A$49,0)),"") -> Bosnia and Herzegovina | G22: 90+3 | I22: =IFERROR(INDEX(Matches!$C$2:$C$105,MATCH($B22,Matches!$A$2:$A$105,0)),"") -> First Stage
A23: 22 | B23: 27 | C23: 217 | D23: =IFERROR(INDEX(Players!$B$2:$B$1249,MATCH($C23,Players!$A$2:$A$1249,0)),"") -> Cyle Larin | E23: 16 | F23: =IFERROR(INDEX(Teams!$B$2:$B$49,MATCH($E23,Teams!$A$2:$A$49,0)),"") -> Canada | G23: 16 | I23: =IFERROR(INDEX(Matches!$C$2:$C$105,MATCH($B23,Matches!$A$2:$A$105,0)),"") -> First Stage
A24: 23 | B24: 27 | C24: 218 | D24: =IFERROR(INDEX(Players!$B$2:$B$1249,MATCH($C24,Players!$A$2:$A$1249,0)),"") -> Jonathan David | E24: 16 | F24: =IFERROR(INDEX(Teams!$B$2:$B$49,MATCH($E24,Teams!$A$2:$A$49,0)),"") -> Canada | G24: 29 | I24: =IFERROR(INDEX(Matches!$C$2:$C$105,MATCH($B24,Matches!$A$2:$A$105,0)),"") -> First Stage
A25: 24 | B25: 27 | C25: 218 | D25: =IFERROR(INDEX(Players!$B$2:$B$1249,MATCH($C25,Players!$A$2:$A$1249,0)),"") -> Jonathan David | E25: 16 | F25: =IFERROR(INDEX(Teams!$B$2:$B$49,MATCH($E25,Teams!$A$2:$A$49,0)),"") -> Canada | G25: 45+3 | I25: =IFERROR(INDEX(Matches!$C$2:$C$105,MATCH($B25,Matches!$A$2:$A$105,0)),"") -> First Stage
A26: 25 | B26: 27 | C26: 233 | D26: =IFERROR(INDEX(Players!$B$2:$B$1249,MATCH($C26,Players!$A$2:$A$1249,0)),"") -> Nathan Saliba | E26: 16 | F26: =IFERROR(INDEX(Teams!$B$2:$B$49,MATCH($E26,Teams!$A$2:$A$49,0)),"") -> Canada | G26: 64 | I26: =IFERROR(INDEX(Matches!$C$2:$C$105,MATCH($B26,Matches!$A$2:$A$105,0)),"") -> First Stage
A27: 26 | B27: 27 | C27: 936 | D27: =IFERROR(INDEX(Players!$B$2:$B$1249,MATCH($C27,Players!$A$2:$A$1249,0)),"") -> Mohamed Manai | E27: 16 | F27: =IFERROR(INDEX(Teams!$B$2:$B$49,MATCH($E27,Teams!$A$2:$A$49,0)),"") -> Canada | G27: 75 | H27: Own Goal | I27: =IFERROR(INDEX(Matches!$C$2:$C$105,MATCH($B27,Matches!$A$2:$A$105,0)),"") -> First Stage
A28: 27 | B28: 27 | C28: 218 | D28: =IFERROR(INDEX(Players!$B$2:$B$1249,MATCH($C28,Players!$A$2:$A$1249,0)),"") -> Jonathan David | E28: 16 | F28: =IFERROR(INDEX(Teams!$B$2:$B$49,MATCH($E28,Teams!$A$2:$A$49,0)),"") -> Canada | G28: 90+2 | I28: =IFERROR(INDEX(Matches!$C$2:$C$105,MATCH($B28,Matches!$A$2:$A$105,0)),"") -> First Stage
A29: 28 | B29: 51 | C29: 1109 | D29: =IFERROR(INDEX(Players!$B$2:$B$1249,MATCH($C29,Players!$A$2:$A$1249,0)),"") -> Ruben Vargas | E29: 11 | F29: =IFERROR(INDEX(Teams!$B$2:$B$49,MATCH($E29,Teams!$A$2:$A$49,0)),"") -> Switzerland | G29: 46 | I29: =IFERROR(INDEX(Matches!$C$2:$C$105,MATCH($B29,Matches!$A$2:$A$105,0)),"") -> First Stage
A30: 29 | B30: 51 | C30: 1101 | D30: =IFERROR(INDEX(Players!$B$2:$B$1249,MATCH($C30,Players!$A$2:$A$1249,0)),"") -> Johan Manzambi | E30: 11 | F30: =IFERROR(INDEX(Teams!$B$2:$B$49,MATCH($E30,Teams!$A$2:$A$49,0)),"") -> Switzerland | G30: 57 | I30: =IFERROR(INDEX(Matches!$C$2:$C$105,MATCH($B30,Matches!$A$2:$A$105,0)),"") -> First Stage
A31: 30 | B31: 51 | C31: 232 | D31: =IFERROR(INDEX(Players!$B$2:$B$1249,MATCH($C31,Players!$A$2:$A$1249,0)),"") -> Promise David | E31: 16 | F31: =IFERROR(INDEX(Teams!$B$2:$B$49,MATCH($E31,Teams!$A$2:$A$49,0)),"") -> Canada | G31: 76 | I31: =IFERROR(INDEX(Matches!$C$2:$C$105,MATCH($B31,Matches!$A$2:$A$105,0)),"") -> First Stage
A32: 31 | B32: 52 | C32: 149 | D32: =IFERROR(INDEX(Players!$B$2:$B$1249,MATCH($C32,Players!$A$2:$A$1249,0)),"") -> Kerim Alajbegovic | E32: 26 | F32: =IFERROR(INDEX(Teams!$B$2:$B$49,MATCH($E32,Teams!$A$2:$A$49,0)),"") -> Bosnia and Herzegovina | G32: 29 | I32: =IFERROR(INDEX(Matches!$C$2:$C$105,MATCH($B32,Matches!$A$2:$A$105,0)),"") -> First Stage
A33: 32 | B33: 52 | C33: 911 | D33: =IFERROR(INDEX(Players!$B$2:$B$1249,MATCH($C33,Players!$A$2:$A$1249,0)),"") -> Mahmoud Abunada | E33: 26 | F33: =IFERROR(INDEX(Teams!$B$2:$B$49,MATCH($E33,Teams!$A$2:$A$49,0)),"") -> Bosnia and Herzegovina | G33: 34 | H33: Own Goal | I33: =IFERROR(INDEX(Matches!$C$2:$C$105,MATCH($B33,Matches!$A$2:$A$105,0)),"") -> First Stage
A34: 33 | B34: 52 | C34: 156 | D34: =IFERROR(INDEX(Players!$B$2:$B$1249,MATCH($C34,Players!$A$2:$A$1249,0)),"") -> Ermin Mahmic | E34: 26 | F34: =IFERROR(INDEX(Teams!$B$2:$B$49,MATCH($E34,Teams!$A$2:$A$49,0)),"") -> Bosnia and Herzegovina | G34: 80 | I34: =IFERROR(INDEX(Matches!$C$2:$C$105,MATCH($B34,Matches!$A$2:$A$105,0)),"") -> First Stage
A35: 34 | B35: 52 | C35: 920 | D35: =IFERROR(INDEX(Players!$B$2:$B$1249,MATCH($C35,Players!$A$2:$A$1249,0)),"") -> Hassan Alhaydos | E35: 44 | F35: =IFERROR(INDEX(Teams!$B$2:$B$49,MATCH($E35,Teams!$A$2:$A$49,0)),"") -> Qatar | G35: 42 | I35: =IFERROR(INDEX(Matches!$C$2:$C$105,MATCH($B35,Matches!$A$2:$A$105,0)),"") -> First Stage
A36: 35 | B36: 7 | C36: 163 | D36: =IFERROR(INDEX(Players!$B$2:$B$1249,MATCH($C36,Players!$A$2:$A$1249,0)),"") -> Vinicius Junior | E36: 3 | F36: =IFERROR(INDEX(Teams!$B$2:$B$49,MATCH($E36,Teams!$A$2:$A$49,0)),"") -> Brazil | G36: 32 | I36: =IFERROR(INDEX(Matches!$C$2:$C$105,MATCH($B36,Matches!$A$2:$A$105,0)),"") -> First Stage
A37: 36 | B37: 7 | C37: 739 | D37: =IFERROR(INDEX(Players!$B$2:$B$1249,MATCH($C37,Players!$A$2:$A$1249,0)),"") -> Ismael Saibari | E37: 21 | F37: =IFERROR(INDEX(Teams!$B$2:$B$49,MATCH($E37,Teams!$A$2:$A$49,0)),"") -> Morocco | G37: 21 | I37: =IFERROR(INDEX(Matches!$C$2:$C$105,MATCH($B37,Matches!$A$2:$A$105,0)),"") -> First Stage
A38: 37 | B38: 5 | C38: 969 | D38: =IFERROR(INDEX(Players!$B$2:$B$1249,MATCH($C38,Players!$A$2:$A$1249,0)),"") -> John Mcginn | E38: 33 | F38: =IFERROR(INDEX(Teams!$B$2:$B$49,MATCH($E38,Teams!$A$2:$A$49,0)),"") -> Scotland | G38: 28 | I38: =IFERROR(INDEX(Matches!$C$2:$C$105,MATCH($B38,Matches!$A$2:$A$105,0)),"") -> First Stage
A39: 38 | B39: 30 | C39: 739 | D39: =IFERROR(INDEX(Players!$B$2:$B$1249,MATCH($C39,Players!$A$2:$A$1249,0)),"") -> Ismael Saibari | E39: 21 | F39: =IFERROR(INDEX(Teams!$B$2:$B$49,MATCH($E39,Teams!$A$2:$A$49,0)),"") -> Morocco | G39: 2 | I39: =IFERROR(INDEX(Matches!$C$2:$C$105,MATCH($B39,Matches!$A$2:$A$105,0)),"") -> First Stage
A40: 39 | B40: 29 | C40: 165 | D40: =IFERROR(INDEX(Players!$B$2:$B$1249,MATCH($C40,Players!$A$2:$A$1249,0)),"") -> Matheus Cunha | E40: 3 | F40: =IFERROR(INDEX(Teams!$B$2:$B$49,MATCH($E40,Teams!$A$2:$A$49,0)),"") -> Brazil | G40: 23 | I40: =IFERROR(INDEX(Matches!$C$2:$C$105,MATCH($B40,Matches!$A$2:$A$105,0)),"") -> First Stage
A41: 40 | B41: 29 | C41: 165 | D41: =IFERROR(INDEX(Players!$B$2:$B$1249,MATCH($C41,Players!$A$2:$A$1249,0)),"") -> Matheus Cunha | E41: 3 | F41: =IFERROR(INDEX(Teams!$B$2:$B$49,MATCH($E41,Teams!$A$2:$A$49,0)),"") -> Brazil | G41: 36 | I41: =IFERROR(INDEX(Matches!$C$2:$C$105,MATCH($B41,Matches!$A$2:$A$105,0)),"") -> First Stage
A42: 41 | B42: 29 | C42: 163 | D42: =IFERROR(INDEX(Players!$B$2:$B$1249,MATCH($C42,Players!$A$2:$A$1249,0)),"") -> Vinicius Junior | E42: 3 | F42: =IFERROR(INDEX(Teams!$B$2:$B$49,MATCH($E42,Teams!$A$2:$A$49,0)),"") -> Brazil | G42: 45+3 | I42: =IFERROR(INDEX(Matches!$C$2:$C$105,MATCH($B42,Matches!$A$2:$A$105,0)),"") -> First Stage
A43: 42 | B43: 49 | C43: 163 | D43: =IFERROR(INDEX(Players!$B$2:$B$1249,MATCH($C43,Players!$A$2:$A$1249,0)),"") -> Vinicius Junior | E43: 3 | F43: =IFERROR(INDEX(Teams!$B$2:$B$49,MATCH($E43,Teams!$A$2:$A$49,0)),"") -> Brazil | G43: 7 | I43: =IFERROR(INDEX(Matches!$C$2:$C$105,MATCH($B43,Matches!$A$2:$A$105,0)),"") -> First Stage
A44: 43 | B44: 49 | C44: 163 | D44: =IFERROR(INDEX(Players!$B$2:$B$1249,MATCH($C44,Players!$A$2:$A$1249,0)),"") -> Vinicius Junior | E44: 3 | F44: =IFERROR(INDEX(Teams!$B$2:$B$49,MATCH($E44,Teams!$A$2:$A$49,0)),"") -> Brazil | G44: 45+3 | I44: =IFERROR(INDEX(Matches!$C$2:$C$105,MATCH($B44,Matches!$A$2:$A$105,0)),"") -> First Stage
A45: 44 | B45: 49 | C45: 165 | D45: =IFERROR(INDEX(Players!$B$2:$B$1249,MATCH($C45,Players!$A$2:$A$1249,0)),"") -> Matheus Cunha | E45: 3 | F45: =IFERROR(INDEX(Teams!$B$2:$B$49,MATCH($E45,Teams!$A$2:$A$49,0)),"") -> Brazil | G45: 60 | I45: =IFERROR(INDEX(Matches!$C$2:$C$105,MATCH($B45,Matches!$A$2:$A$105,0)),"") -> First Stage
... A49: 48 | B49: 50 | C49: 744 | D49: =IFERROR(INDEX(Players!$B$2:$B$1249,MATCH($C49,Players!$A$2:$A$1249,0)),"") -> Gessime Yassine | E49: 21 | F49: =IFERROR(INDEX(Teams!$B$2:$B$49,MATCH($E49,Teams!$A$2:$A$49,0)),"") -> Morocco | G49: 89 | I49: =IFERROR(INDEX(Matches!$C$2:$C$105,MATCH($B49,Matches!$A$2:$A$105,0)),"") -> First Stage
A50: 49 | B50: 50 | C50: 729 | D50: =IFERROR(INDEX(Players!$B$2:$B$1249,MATCH($C50,Players!$A$2:$A$1249,0)),"") -> Yassine Bounou | E50: 39 | F50: =IFERROR(INDEX(Teams!$B$2:$B$49,MATCH($E50,Teams!$A$2:$A$49,0)),"") -> Haiti | G50: 10 | H50: Own Goal | I50: =IFERROR(INDEX(Matches!$C$2:$C$105,MATCH($B50,Matches!$A$2:$A$105,0)),"") -> First Stage
A51: 50 | B51: 50 | C51: 564 | D51: =IFERROR(INDEX(Players!$B$2:$B$1249,MATCH($C51,Players!$A$2:$A$1249,0)),"") -> Wilson Isidor | E51: 39 | F51: =IFERROR(INDEX(Teams!$B$2:$B$49,MATCH($E51,Teams!$A$2:$A$49,0)),"") -> Haiti | G51: 43 | I51: =IFERROR(INDEX(Matches!$C$2:$C$105,MATCH($B51,Matches!$A$2:$A$105,0)),"") -> First Stage
A52: 51 | B52: 4 | C52: 874 | D52: =IFERROR(INDEX(Players!$B$2:$B$1249,MATCH($C52,Players!$A$2:$A$1249,0)),"") -> Damian Bobadilla | E52: 12 | F52: =IFERROR(INDEX(Teams!$B$2:$B$49,MATCH($E52,Teams!$A$2:$A$49,0)),"") -> USA | G52: 7 | H52: Own Goal | I52: =IFERROR(INDEX(Matches!$C$2:$C$105,MATCH($B52,Matches!$A$2:$A$105,0)),"") -> First Stage
A53: 52 | B53: 4 | C53: 1216 | D53: =IFERROR(INDEX(Players!$B$2:$B$1249,MATCH($C53,Players!$A$2:$A$1249,0)),"") -> Folarin Balogun | E53: 12 | F53: =IFERROR(INDEX(Teams!$B$2:$B$49,MATCH($E53,Teams!$A$2:$A$49,0)),"") -> USA | G53: 31 | I53: =IFERROR(INDEX(Matches!$C$2:$C$105,MATCH($B53,Matches!$A$2:$A$105,0)),"") -> First Stage
A54: 53 | B54: 4 | C54: 1216 | D54: =IFERROR(INDEX(Players!$B$2:$B$1249,MATCH($C54,Players!$A$2:$A$1249,0)),"") -> Folarin Balogun | E54: 12 | F54: =IFERROR(INDEX(Teams!$B$2:$B$49,MATCH($E54,Teams!$A$2:$A$49,0)),"") -> USA | G54: 45+5 | I54: =IFERROR(INDEX(Matches!$C$2:$C$105,MATCH($B54,Matches!$A$2:$A$105,0)),"") -> First Stage
A55: 54 | B55: 4 | C55: 1203 | D55: =IFERROR(INDEX(Players!$B$2:$B$1249,MATCH($C55,Players!$A$2:$A$1249,0)),"") -> Giovanni Reyna | E55: 12 | F55: =IFERROR(INDEX(Teams!$B$2:$B$49,MATCH($E55,Teams!$A$2:$A$49,0)),"") -> USA | G55: 90+8 | I55: =IFERROR(INDEX(Matches!$C$2:$C$105,MATCH($B55,Matches!$A$2:$A$105,0)),"") -> First Stage
A56: 55 | B56: 4 | C56: 869 | D56: =IFERROR(INDEX(Players!$B$2:$B$1249,MATCH($C56,Players!$A$2:$A$1249,0)),"") -> Mauricio | E56: 32 | F56: =IFERROR(INDEX(Teams!$B$2:$B$49,MATCH($E56,Teams!$A$2:$A$49,0)),"") -> Paraguay | G56: 73 | I56: =IFERROR(INDEX(Matches!$C$2:$C$105,MATCH($B56,Matches!$A$2:$A$105,0)),"") -> First Stage
A57: 56 | B57: 6 | C57: 69 | D57: =IFERROR(INDEX(Players!$B$2:$B$1249,MATCH($C57,Players!$A$2:$A$1249,0)),"") -> Nestory Irankunda | E57: 13 | F57: =IFERROR(INDEX(Teams!$B$2:$B$49,MATCH($E57,Teams!$A$2:$A$49,0)),"") -> Australia | G57: 27 | I57: =IFERROR(INDEX(Matches!$C$2:$C$105,MATCH($B57,Matches!$A$2:$A$105,0)),"") -> First Stage
A58: 57 | B58: 6 | C58: 60 | D58: =IFERROR(INDEX(Players!$B$2:$B$1249,MATCH($C58,Players!$A$2:$A$1249,0)),"") -> Connor Metcalfe | E58: 13 | F58: =IFERROR(INDEX(Teams!$B$2:$B$49,MATCH($E58,Teams!$A$2:$A$49,0)),"") -> Australia | G58: 75 | I58: =IFERROR(INDEX(Matches!$C$2:$C$105,MATCH($B58,Matches!$A$2:$A$105,0)),"") -> First Stage
A59: 58 | B59: 32 | C59: 73 | D59: =IFERROR(INDEX(Players!$B$2:$B$1249,MATCH($C59,Players!$A$2:$A$1249,0)),"") -> Cameron Burgess | E59: 12 | F59: =IFERROR(INDEX(Teams!$B$2:$B$49,MATCH($E59,Teams!$A$2:$A$49,0)),"") -> USA | G59: 11 | H59: Own Goal | I59: =IFERROR(INDEX(Matches!$C$2:$C$105,MATCH($B59,Matches!$A$2:$A$105,0)),"") -> First Stage
A60: 59 | B60: 32 | C60: 1212 | D60: =IFERROR(INDEX(Players!$B$2:$B$1249,MATCH($C60,Players!$A$2:$A$1249,0)),"") -> Alex Freeman | E60: 12 | F60: =IFERROR(INDEX(Teams!$B$2:$B$49,MATCH($E60,Teams!$A$2:$A$49,0)),"") -> USA | G60: 43 | I60: =IFERROR(INDEX(Matches!$C$2:$C$105,MATCH($B60,Matches!$A$2:$A$105,0)),"") -> First Stage
A61: 60 | B61: 31 | C61: 881 | D61: =IFERROR(INDEX(Players!$B$2:$B$1249,MATCH($C61,Players!$A$2:$A$1249,0)),"") -> Matias Galarza | E61: 32 | F61: =IFERROR(INDEX(Teams!$B$2:$B$49,MATCH($E61,Teams!$A$2:$A$49,0)),"") -> Paraguay | G61: 2 | I61: =IFERROR(INDEX(Matches!$C$2:$C$105,MATCH($B61,Matches!$A$2:$A$105,0)),"") -> First Stage
A62: 61 | B62: 59 | C62: 1152 | D62: =IFERROR(INDEX(Players!$B$2:$B$1249,MATCH($C62,Players!$A$2:$A$1249,0)),"") -> Arda Guler | E62: 47 | F62: =IFERROR(INDEX(Teams!$B$2:$B$49,MATCH($E62,Teams!$A$2:$A$49,0)),"") -> Türkiye | G62: 10 | I62: =IFERROR(INDEX(Matches!$C$2:$C$105,MATCH($B62,Matches!$A$2:$A$105,0)),"") -> First Stage
A63: 62 | B63: 59 | C63: 1165 | D63: =IFERROR(INDEX(Players!$B$2:$B$1249,MATCH($C63,Players!$A$2:$A$1249,0)),"") -> Baris Alper Yilmaz | E63: 47 | F63: =IFERROR(INDEX(Teams!$B$2:$B$49,MATCH($E63,Teams!$A$2:$A$49,0)),"") -> Türkiye | G63: 31 | I63: =IFERROR(INDEX(Matches!$C$2:$C$105,MATCH($B63,Matches!$A$2:$A$105,0)),"") -> First Stage
A64: 63 | B64: 59 | C64: 1166 | D64: =IFERROR(INDEX(Players!$B$2:$B$1249,MATCH($C64,Players!$A$2:$A$1249,0)),"") -> Kaan Ayhan | E64: 47 | F64: =IFERROR(INDEX(Teams!$B$2:$B$49,MATCH($E64,Teams!$A$2:$A$49,0)),"") -> Türkiye | G64: 90+8 | I64: =IFERROR(INDEX(Matches!$C$2:$C$105,MATCH($B64,Matches!$A$2:$A$105,0)),"") -> First Stage
A65: 64 | B65: 59 | C65: 1202 | D65: =IFERROR(INDEX(Players!$B$2:$B$1249,MATCH($C65,Players!$A$2:$A$1249,0)),"") -> Auston Trusty | E65: 12 | F65: =IFERROR(INDEX(Teams!$B$2:$B$49,MATCH($E65,Teams!$A$2:$A$49,0)),"") -> USA | G65: 3 | I65: =IFERROR(INDEX(Matches!$C$2:$C$105,MATCH($B65,Matches!$A$2:$A$105,0)),"") -> First Stage
A66: 65 | B66: 59 | C66: 1210 | D66: =IFERROR(INDEX(Players!$B$2:$B$1249,MATCH($C66,Players!$A$2:$A$1249,0)),"") -> Sebastian Berhalter | E66: 12 | F66: =IFERROR(INDEX(Teams!$B$2:$B$49,MATCH($E66,Teams!$A$2:$A$49,0)),"") -> USA | G66: 49 | I66: =IFERROR(INDEX(Matches!$C$2:$C$105,MATCH($B66,Matches!$A$2:$A$105,0)),"") -> First Stage
A67: 66 | B67: 10 | C67: 517 | D67: =IFERROR(INDEX(Players!$B$2:$B$1249,MATCH($C67,Players!$A$2:$A$1249,0)),"") -> Felix Nmecha | E67: 7 | F67: =IFERROR(INDEX(Teams!$B$2:$B$49,MATCH($E67,Teams!$A$2:$A$49,0)),"") -> Germany | G67: 6 | I67: =IFERROR(INDEX(Matches!$C$2:$C$105,MATCH($B67,Matches!$A$2:$A$105,0)),"") -> First Stage
A68: 67 | B68: 10 | C68: 509 | D68: =IFERROR(INDEX(Players!$B$2:$B$1249,MATCH($C68,Players!$A$2:$A$1249,0)),"") -> Nico Schlotterbeck | E68: 7 | F68: =IFERROR(INDEX(Teams!$B$2:$B$49,MATCH($E68,Teams!$A$2:$A$49,0)),"") -> Germany | G68: 38 | I68: =IFERROR(INDEX(Matches!$C$2:$C$105,MATCH($B68,Matches!$A$2:$A$105,0)),"") -> First Stage
A69: 68 | B69: 10 | C69: 501 | D69: =IFERROR(INDEX(Players!$B$2:$B$1249,MATCH($C69,Players!$A$2:$A$1249,0)),"") -> Kai Havertz | E69: 7 | F69: =IFERROR(INDEX(Teams!$B$2:$B$49,MATCH($E69,Teams!$A$2:$A$49,0)),"") -> Germany | G69: 45+5 | H69: Penalty | I69: =IFERROR(INDEX(Matches!$C$2:$C$105,MATCH($B69,Matches!$A$2:$A$105,0)),"") -> First Stage
A70: 69 | B70: 10 | C70: 504 | D70: =IFERROR(INDEX(Players!$B$2:$B$1249,MATCH($C70,Players!$A$2:$A$1249,0)),"") -> Jamal Musiala | E70: 7 | F70: =IFERROR(INDEX(Teams!$B$2:$B$49,MATCH($E70,Teams!$A$2:$A$49,0)),"") -> Germany | G70: 47 | I70: =IFERROR(INDEX(Matches!$C$2:$C$105,MATCH($B70,Matches!$A$2:$A$105,0)),"") -> First Stage
A71: 70 | B71: 10 | C71: 512 | D71: =IFERROR(INDEX(Players!$B$2:$B$1249,MATCH($C71,Players!$A$2:$A$1249,0)),"") -> Nathaniel Brown | E71: 7 | F71: =IFERROR(INDEX(Teams!$B$2:$B$49,MATCH($E71,Teams!$A$2:$A$49,0)),"") -> Germany | G71: 68 | I71: =IFERROR(INDEX(Matches!$C$2:$C$105,MATCH($B71,Matches!$A$2:$A$105,0)),"") -> First Stage
A72: 71 | B72: 10 | C72: 520 | D72: =IFERROR(INDEX(Players!$B$2:$B$1249,MATCH($C72,Players!$A$2:$A$1249,0)),"") -> Deniz Undav | E72: 7 | F72: =IFERROR(INDEX(Teams!$B$2:$B$49,MATCH($E72,Teams!$A$2:$A$49,0)),"") -> Germany | G72: 78 | I72: =IFERROR(INDEX(Matches!$C$2:$C$105,MATCH($B72,Matches!$A$2:$A$105,0)),"") -> First Stage
A73: 72 | B73: 10 | C73: 501 | D73: =IFERROR(INDEX(Players!$B$2:$B$1249,MATCH($C73,Players!$A$2:$A$1249,0)),"") -> Kai Havertz | E73: 7 | F73: =IFERROR(INDEX(Teams!$B$2:$B$49,MATCH($E73,Teams!$A$2:$A$49,0)),"") -> Germany | G73: 88 | I73: =IFERROR(INDEX(Matches!$C$2:$C$105,MATCH($B73,Matches!$A$2:$A$105,0)),"") -> First Stage
A74: 73 | B74: 10 | C74: 346 | D74: =IFERROR(INDEX(Players!$B$2:$B$1249,MATCH($C74,Players!$A$2:$A$1249,0)),"") -> Livano Comenencia | E74: 37 | F74: =IFERROR(INDEX(Teams!$B$2:$B$49,MATCH($E74,Teams!$A$2:$A$49,0)),"") -> Curaçao | G74: 21 | I74: =IFERROR(INDEX(Matches!$C$2:$C$105,MATCH($B74,Matches!$A$2:$A$105,0)),"") -> First Stage
A75: 74 | B75: 9 | C75: 301 | D75: =IFERROR(INDEX(Players!$B$2:$B$1249,MATCH($C75,Players!$A$2:$A$1249,0)),"") -> Amad Diallo | E75: 17 | F75: =IFERROR(INDEX(Teams!$B$2:$B$49,MATCH($E75,Teams!$A$2:$A$49,0)),"") -> Côte d'Ivoire | G75: 90 | I75: =IFERROR(INDEX(Matches!$C$2:$C$105,MATCH($B75,Matches!$A$2:$A$105,0)),"") -> First Stage
A76: 75 | B76: 33 | C76: 520 | D76: =IFERROR(INDEX(Players!$B$2:$B$1249,MATCH($C76,Players!$A$2:$A$1249,0)),"") -> Deniz Undav | E76: 7 | F76: =IFERROR(INDEX(Teams!$B$2:$B$49,MATCH($E76,Teams!$A$2:$A$49,0)),"") -> Germany | G76: 68 | I76: =IFERROR(INDEX(Matches!$C$2:$C$105,MATCH($B76,Matches!$A$2:$A$105,0)),"") -> First Stage
A77: 76 | B77: 33 | C77: 520 | D77: =IFERROR(INDEX(Players!$B$2:$B$1249,MATCH($C77,Players!$A$2:$A$1249,0)),"") -> Deniz Undav | E77: 7 | F77: =IFERROR(INDEX(Teams!$B$2:$B$49,MATCH($E77,Teams!$A$2:$A$49,0)),"") -> Germany | G77: 90+4 | I77: =IFERROR(INDEX(Matches!$C$2:$C$105,MATCH($B77,Matches!$A$2:$A$105,0)),"") -> First Stage
A78: 77 | B78: 33 | C78: 294 | D78: =IFERROR(INDEX(Players!$B$2:$B$1249,MATCH($C78,Players!$A$2:$A$1249,0)),"") -> Franck Kessie | E78: 17 | F78: =IFERROR(INDEX(Teams!$B$2:$B$49,MATCH($E78,Teams!$A$2:$A$49,0)),"") -> Côte d'Ivoire | G78: 30 | I78: =IFERROR(INDEX(Matches!$C$2:$C$105,MATCH($B78,Matches!$A$2:$A$105,0)),"") -> First Stage
A79: 78 | B79: 55 | C79: 305 | D79: =IFERROR(INDEX(Players!$B$2:$B$1249,MATCH($C79,Players!$A$2:$A$1249,0)),"") -> Nicolas Pepe | E79: 17 | F79: =IFERROR(INDEX(Teams!$B$2:$B$49,MATCH($E79,Teams!$A$2:$A$49,0)),"") -> Côte d'Ivoire | G79: 7 | I79: =IFERROR(INDEX(Matches!$C$2:$C$105,MATCH($B79,Matches!$A$2:$A$105,0)),"") -> First Stage
A80: 79 | B80: 55 | C80: 305 | D80: =IFERROR(INDEX(Players!$B$2:$B$1249,MATCH($C80,Players!$A$2:$A$1249,0)),"") -> Nicolas Pepe | E80: 17 | F80: =IFERROR(INDEX(Teams!$B$2:$B$49,MATCH($E80,Teams!$A$2:$A$49,0)),"") -> Côte d'Ivoire | G80: 64 | I80: =IFERROR(INDEX(Matches!$C$2:$C$105,MATCH($B80,Matches!$A$2:$A$105,0)),"") -> First Stage
A81: 80 | B81: 56 | C81: 410 | D81: =IFERROR(INDEX(Players!$B$2:$B$1249,MATCH($C81,Players!$A$2:$A$1249,0)),"") -> Nilson Angulo | E81: 28 | F81: =IFERROR(INDEX(Teams!$B$2:$B$49,MATCH($E81,Teams!$A$2:$A$49,0)),"") -> Ecuador | G81: 9 | I81: =IFERROR(INDEX(Matches!$C$2:$C$105,MATCH($B81,Matches!$A$2:$A$105,0)),"") -> First Stage
... A106: 105 | B106: 58 | C106: 1127 | D106: =IFERROR(INDEX(Players!$B$2:$B$1249,MATCH($C106,Players!$A$2:$A$1249,0)),"") -> Hazem Mastouri | E106: 46 | F106: =IFERROR(INDEX(Teams!$B$2:$B$49,MATCH($E106,Teams!$A$2:$A$49,0)),"") -> Tunisia | G106: 54 | I106: =IFERROR(INDEX(Matches!$C$2:$C$105,MATCH($B106,Matches!$A$2:$A$105,0)),"") -> First Stage
A107: 106 | B107: 58 | C107: 1135 | D107: =IFERROR(INDEX(Players!$B$2:$B$1249,MATCH($C107,Players!$A$2:$A$1249,0)),"") -> Ellyes Skhiri | E107: 9 | F107: =IFERROR(INDEX(Teams!$B$2:$B$49,MATCH($E107,Teams!$A$2:$A$49,0)),"") -> Netherlands | G107: 3 | H107: Own Goal | I107: =IFERROR(INDEX(Matches!$C$2:$C$105,MATCH($B107,Matches!$A$2:$A$105,0)),"") -> First Stage
A108: 107 | B108: 58 | C108: 773 | D108: =IFERROR(INDEX(Players!$B$2:$B$1249,MATCH($C108,Players!$A$2:$A$1249,0)),"") -> Brian Brobbey | E108: 9 | F108: =IFERROR(INDEX(Teams!$B$2:$B$49,MATCH($E108,Teams!$A$2:$A$49,0)),"") -> Netherlands | G108: 7 | I108: =IFERROR(INDEX(Matches!$C$2:$C$105,MATCH($B108,Matches!$A$2:$A$105,0)),"") -> First Stage
A109: 108 | B109: 58 | C109: 760 | D109: =IFERROR(INDEX(Players!$B$2:$B$1249,MATCH($C109,Players!$A$2:$A$1249,0)),"") -> Jan Paul Van Hecke | E109: 9 | F109: =IFERROR(INDEX(Teams!$B$2:$B$49,MATCH($E109,Teams!$A$2:$A$49,0)),"") -> Netherlands | G109: 62 | I109: =IFERROR(INDEX(Matches!$C$2:$C$105,MATCH($B109,Matches!$A$2:$A$105,0)),"") -> First Stage
A110: 109 | B110: 16 | C110: 419 | D110: =IFERROR(INDEX(Players!$B$2:$B$1249,MATCH($C110,Players!$A$2:$A$1249,0)),"") -> Mohamed Hany | E110: 2 | F110: =IFERROR(INDEX(Teams!$B$2:$B$49,MATCH($E110,Teams!$A$2:$A$49,0)),"") -> Belgium | G110: 66 | H110: Own Goal | I110: =IFERROR(INDEX(Matches!$C$2:$C$105,MATCH($B110,Matches!$A$2:$A$105,0)),"") -> First Stage
A111: 110 | B111: 16 | C111: 424 | D111: =IFERROR(INDEX(Players!$B$2:$B$1249,MATCH($C111,Players!$A$2:$A$1249,0)),"") -> Emam Ashour | E111: 19 | F111: =IFERROR(INDEX(Teams!$B$2:$B$49,MATCH($E111,Teams!$A$2:$A$49,0)),"") -> Egypt | G111: 19 | I111: =IFERROR(INDEX(Matches!$C$2:$C$105,MATCH($B111,Matches!$A$2:$A$105,0)),"") -> First Stage
A112: 111 | B112: 15 | C112: 595 | D112: =IFERROR(INDEX(Players!$B$2:$B$1249,MATCH($C112,Players!$A$2:$A$1249,0)),"") -> Ramin Rezaeian | E112: 30 | F112: =IFERROR(INDEX(Teams!$B$2:$B$49,MATCH($E112,Teams!$A$2:$A$49,0)),"") -> IR Iran | G112: 32 | I112: =IFERROR(INDEX(Matches!$C$2:$C$105,MATCH($B112,Matches!$A$2:$A$105,0)),"") -> First Stage
A113: 112 | B113: 15 | C113: 580 | D113: =IFERROR(INDEX(Players!$B$2:$B$1249,MATCH($C113,Players!$A$2:$A$1249,0)),"") -> Mohammad Mohebbi | E113: 30 | F113: =IFERROR(INDEX(Teams!$B$2:$B$49,MATCH($E113,Teams!$A$2:$A$49,0)),"") -> IR Iran | G113: 64 | I113: =IFERROR(INDEX(Matches!$C$2:$C$105,MATCH($B113,Matches!$A$2:$A$105,0)),"") -> First Stage
A114: 113 | B114: 15 | C114: 791 | D114: =IFERROR(INDEX(Players!$B$2:$B$1249,MATCH($C114,Players!$A$2:$A$1249,0)),"") -> Elijah Just | E114: 42 | F114: =IFERROR(INDEX(Teams!$B$2:$B$49,MATCH($E114,Teams!$A$2:$A$49,0)),"") -> New Zealand | G114: 7 | I114: =IFERROR(INDEX(Matches!$C$2:$C$105,MATCH($B114,Matches!$A$2:$A$105,0)),"") -> First Stage
A115: 114 | B115: 15 | C115: 791 | D115: =IFERROR(INDEX(Players!$B$2:$B$1249,MATCH($C115,Players!$A$2:$A$1249,0)),"") -> Elijah Just | E115: 42 | F115: =IFERROR(INDEX(Teams!$B$2:$B$49,MATCH($E115,Teams!$A$2:$A$49,0)),"") -> New Zealand | G115: 54 | I115: =IFERROR(INDEX(Matches!$C$2:$C$105,MATCH($B115,Matches!$A$2:$A$105,0)),"") -> First Stage
A116: 115 | B116: 40 | C116: 796 | D116: =IFERROR(INDEX(Players!$B$2:$B$1249,MATCH($C116,Players!$A$2:$A$1249,0)),"") -> Finn Surman | E116: 42 | F116: =IFERROR(INDEX(Teams!$B$2:$B$49,MATCH($E116,Teams!$A$2:$A$49,0)),"") -> New Zealand | G116: 15 | I116: =IFERROR(INDEX(Matches!$C$2:$C$105,MATCH($B116,Matches!$A$2:$A$105,0)),"") -> First Stage
A117: 116 | B117: 40 | C117: 427 | D117: =IFERROR(INDEX(Players!$B$2:$B$1249,MATCH($C117,Players!$A$2:$A$1249,0)),"") -> Mostafa Zico | E117: 19 | F117: =IFERROR(INDEX(Teams!$B$2:$B$49,MATCH($E117,Teams!$A$2:$A$49,0)),"") -> Egypt | G117: 58 | I117: =IFERROR(INDEX(Matches!$C$2:$C$105,MATCH($B117,Matches!$A$2:$A$105,0)),"") -> First Stage
A118: 117 | B118: 40 | C118: 426 | D118: =IFERROR(INDEX(Players!$B$2:$B$1249,MATCH($C118,Players!$A$2:$A$1249,0)),"") -> Mohamed Salah | E118: 19 | F118: =IFERROR(INDEX(Teams!$B$2:$B$49,MATCH($E118,Teams!$A$2:$A$49,0)),"") -> Egypt | G118: 67 | I118: =IFERROR(INDEX(Matches!$C$2:$C$105,MATCH($B118,Matches!$A$2:$A$105,0)),"") -> First Stage
A119: 118 | B119: 40 | C119: 423 | D119: =IFERROR(INDEX(Players!$B$2:$B$1249,MATCH($C119,Players!$A$2:$A$1249,0)),"") -> Trezeguet | E119: 19 | F119: =IFERROR(INDEX(Teams!$B$2:$B$49,MATCH($E119,Teams!$A$2:$A$49,0)),"") -> Egypt | G119: 82 | I119: =IFERROR(INDEX(Matches!$C$2:$C$105,MATCH($B119,Matches!$A$2:$A$105,0)),"") -> First Stage
A120: 119 | B120: 63 | C120: 437 | D120: =IFERROR(INDEX(Players!$B$2:$B$1249,MATCH($C120,Players!$A$2:$A$1249,0)),"") -> Mahmoud Saber | E120: 19 | F120: =IFERROR(INDEX(Teams!$B$2:$B$49,MATCH($E120,Teams!$A$2:$A$49,0)),"") -> Egypt | G120: 5 | I120: =IFERROR(INDEX(Matches!$C$2:$C$105,MATCH($B120,Matches!$A$2:$A$105,0)),"") -> First Stage
A121: 120 | B121: 63 | C121: 595 | D121: =IFERROR(INDEX(Players!$B$2:$B$1249,MATCH($C121,Players!$A$2:$A$1249,0)),"") -> Ramin Rezaeian | E121: 30 | F121: =IFERROR(INDEX(Teams!$B$2:$B$49,MATCH($E121,Teams!$A$2:$A$49,0)),"") -> IR Iran | G121: 14 | I121: =IFERROR(INDEX(Matches!$C$2:$C$105,MATCH($B121,Matches!$A$2:$A$105,0)),"") -> First Stage
A122: 121 | B122: 64 | C122: 791 | D122: =IFERROR(INDEX(Players!$B$2:$B$1249,MATCH($C122,Players!$A$2:$A$1249,0)),"") -> Elijah Just | E122: 42 | F122: =IFERROR(INDEX(Teams!$B$2:$B$49,MATCH($E122,Teams!$A$2:$A$49,0)),"") -> New Zealand | G122: 84 | I122: =IFERROR(INDEX(Matches!$C$2:$C$105,MATCH($B122,Matches!$A$2:$A$105,0)),"") -> First Stage
... A132: 131 | B132: 38 | C132: 1061 | D132: =IFERROR(INDEX(Players!$B$2:$B$1249,MATCH($C132,Players!$A$2:$A$1249,0)),"") -> Mikel Oyarzabal | E132: 10 | F132: =IFERROR(INDEX(Teams!$B$2:$B$49,MATCH($E132,Teams!$A$2:$A$49,0)),"") -> Spain | G132: 24 | I132: =IFERROR(INDEX(Matches!$C$2:$C$105,MATCH($B132,Matches!$A$2:$A$105,0)),"") -> First Stage
A133: 132 | B133: 38 | C133: 941 | D133: =IFERROR(INDEX(Players!$B$2:$B$1249,MATCH($C133,Players!$A$2:$A$1249,0)),"") -> Hassan Altambakti | E133: 10 | F133: =IFERROR(INDEX(Teams!$B$2:$B$49,MATCH($E133,Teams!$A$2:$A$49,0)),"") -> Spain | G133: 49 | H133: Own Goal | I133: =IFERROR(INDEX(Matches!$C$2:$C$105,MATCH($B133,Matches!$A$2:$A$105,0)),"") -> First Stage
A134: 133 | B134: 37 | C134: 1190 | D134: =IFERROR(INDEX(Players!$B$2:$B$1249,MATCH($C134,Players!$A$2:$A$1249,0)),"") -> Maxi Araujo | E134: 36 | F134: =IFERROR(INDEX(Teams!$B$2:$B$49,MATCH($E134,Teams!$A$2:$A$49,0)),"") -> Uruguay | G134: 44 | I134: =IFERROR(INDEX(Matches!$C$2:$C$105,MATCH($B134,Matches!$A$2:$A$105,0)),"") -> First Stage
A135: 134 | B135: 37 | C135: 1184 | D135: =IFERROR(INDEX(Players!$B$2:$B$1249,MATCH($C135,Players!$A$2:$A$1249,0)),"") -> Agustin Canobbio | E135: 36 | F135: =IFERROR(INDEX(Teams!$B$2:$B$49,MATCH($E135,Teams!$A$2:$A$49,0)),"") -> Uruguay | G135: 45+6 | I135: =IFERROR(INDEX(Matches!$C$2:$C$105,MATCH($B135,Matches!$A$2:$A$105,0)),"") -> First Stage
A136: 135 | B136: 37 | C136: 188 | D136: =IFERROR(INDEX(Players!$B$2:$B$1249,MATCH($C136,Players!$A$2:$A$1249,0)),"") -> Kevin Pina | E136: 15 | F136: =IFERROR(INDEX(Teams!$B$2:$B$49,MATCH($E136,Teams!$A$2:$A$49,0)),"") -> Cabo Verde | G136: 21 | I136: =IFERROR(INDEX(Matches!$C$2:$C$105,MATCH($B136,Matches!$A$2:$A$105,0)),"") -> First Stage
...

Sheet Players
A1: PlayerID | B1: PlayerName | C1: TeamID | D1: TeamName | E1: Position | F1: JerseyNumber
A2: 1 | B2: Melvin Mastil | C2: 25 | D2: =IFERROR(INDEX(Teams!$B$2:$B$49,MATCH($C2,Teams!$A$2:$A$49,0)),"") -> Algeria | E2: GK | F2: 1
A3: 2 | B3: Aissa Mandi | C3: 25 | D3: =IFERROR(INDEX(Teams!$B$2:$B$49,MATCH($C3,Teams!$A$2:$A$49,0)),"") -> Algeria | E3: DF | F3: 2
A4: 3 | B4: Achref Abada | C4: 25 | D4: =IFERROR(INDEX(Teams!$B$2:$B$49,MATCH($C4,Teams!$A$2:$A$49,0)),"") -> Algeria | E4: DF | F4: 3
A5: 4 | B5: Mohamed Amine Tougai | C5: 25 | D5: =IFERROR(INDEX(Teams!$B$2:$B$49,MATCH($C5,Teams!$A$2:$A$49,0)),"") -> Algeria | E5: DF | F5: 4
A6: 5 | B6: Zineddine Belaid | C6: 25 | D6: =IFERROR(INDEX(Teams!$B$2:$B$49,MATCH($C6,Teams!$A$2:$A$49,0)),"") -> Algeria | E6: DF | F6: 5
A7: 6 | B7: Ramiz Zerrouki | C7: 25 | D7: =IFERROR(INDEX(Teams!$B$2:$B$49,MATCH($C7,Teams!$A$2:$A$49,0)),"") -> Algeria | E7: MF | F7: 6
A8: 7 | B8: Riyad Mahrez | C8: 25 | D8: =IFERROR(INDEX(Teams!$B$2:$B$49,MATCH($C8,Teams!$A$2:$A$49,0)),"") -> Algeria | E8: FW | F8: 7
A9: 8 | B9: Houssem Aouar | C9: 25 | D9: =IFERROR(INDEX(Teams!$B$2:$B$49,MATCH($C9,Teams!$A$2:$A$49,0)),"") -> Algeria | E9: MF | F9: 8
A10: 9 | B10: Amine Gouiri | C10: 25 | D10: =IFERROR(INDEX(Teams!$B$2:$B$49,MATCH($C10,Teams!$A$2:$A$49,0)),"") -> Algeria | E10: FW | F10: 9
A11: 10 | B11: Fares Chaibi | C11: 25 | D11: =IFERROR(INDEX(Teams!$B$2:$B$49,MATCH($C11,Teams!$A$2:$A$49,0)),"") -> Algeria | E11: MF | F11: 10
A12: 11 | B12: Anis Hadj Moussa | C12: 25 | D12: =IFERROR(INDEX(Teams!$B$2:$B$49,MATCH($C12,Teams!$A$2:$A$49,0)),"") -> Algeria | E12: FW | F12: 11
A13: 12 | B13: Nadhir Benbouali | C13: 25 | D13: =IFERROR(INDEX(Teams!$B$2:$B$49,MATCH($C13,Teams!$A$2:$A$49,0)),"") -> Algeria | E13: FW | F13: 12
... A1249: 1248 | B1249: Jakhongir Urozov | C1249: 48 | D1249: =IFERROR(INDEX(Teams!$B$2:$B$49,MATCH($C1249,Teams!$A$2:$A$49,0)),"") -> Uzbekistan | E1249: DF | F1249: 26

Sheet Stadiums
A1: StadiumID | B1: StadiumName | C1: City | D1: Country | E1: Capacity
A2: 1 | B2: Toronto Stadium | C2: Toronto, Ontario | D2: Canada | E2: 43036
A3: 2 | B3: BC Place Vancouver | C3: Vancouver, British Colombia | D3: Canada | E3: 52497
A4: 3 | B4: Mexico City Stadium | C4: Mexico City | D4: Mexico | E4: 80824
A5: 4 | B5: Guadalajara Stadium | C5: Zapopan, Jalisco | D5: Mexico | E5: 45664
A6: 5 | B6: Estadio Monterrey | C6: Guadalupe, Nuevo Leon | D6: Mexico | E6: 51243
A7: 6 | B7: Atlanta Stadium | C7: Atlanta, Georgia | D7: USA | E7: 68239
A8: 7 | B8: Boston Stadium | C8: Foxborough, Massachusetts | D8: USA | E8: 64146
A9: 8 | B9: Dallas Stadium | C9: Arlington, Texas | D9: USA | E9: 70649
A10: 9 | B10: Houston Stadium | C10: Houston, Texas | D10: USA | E10: 68777
A11: 10 | B11: Kansas City Stadium | C11: Kansas City, Missouri | D11: USA | E11: 69045
A12: 11 | B12: Los Angeles Stadium | C12: Inglewood, California | D12: USA | E12: 70492
A13: 12 | B13: Miami Stadium | C13: Miami Gardens, Florida | D13: USA | E13: 64478
... A17: 16 | B17: Seattle Stadium | C17: Seattle, Washington | D17: USA | E17: 66925
